user_id,textbox_text.text,correct_ans,prior_knowledge,flags_click.time
user135@research.com,bangladesh,bangladesh,yes,12.4556
user135@research.com,china,china,yes,3.078
user135@research.com,pacific islands,hong kong,no,10.0723
user135@research.com,india,india,yes,3.7561
user135@research.com,japan,japan,yes,2.6191
user135@research.com,mauritania,maldives,no,12.6968
user135@research.com,,nepal,no,2.1049
user135@research.com,dominican republic,philippines,no,7.9139
user135@research.com,saudi arabia,saudi arabia,yes,3.9561
user135@research.com,,singapore,no,3.4891
user135@research.com,south korea,south korea,yes,5.09
user135@research.com,,sri lanka,no,7.5416
user135@research.com,,taiwan,no,1.2303
user135@research.com,,thailand,no,1.3143
user135@research.com,,vietnam,no,1.3305
user135@research.com,wales,anguilla,no,5.2469
user135@research.com,,aruba,no,1.206
user135@research.com,,bahamas,no,1.1816
user135@research.com,,barbados,no,1.2312
user135@research.com,,bonaire,no,1.114
user135@research.com,,cuba,no,1.5137
user135@research.com,,dominica,no,0.9309
user135@research.com,,grenada,no,2.5133
user135@research.com,,haiti,no,1.2802
user135@research.com,jamaica,jamaica,yes,5.4135
user135@research.com,,martinique,no,1.1218
user135@research.com,,st lucia,no,1.0138
user135@research.com,,montserrat,no,1.5636
user135@research.com,,st kitts and nevis,no,1.1891
user135@research.com,,trinidad,no,0.9981
user185@research.com,,bangladesh,no,7.4386
user185@research.com,,china,no,0.8136
user185@research.com,,hong kong,no,2.478
user185@research.com,india,india,yes,2.8269
user185@research.com,japan,japan,yes,2.1032
user185@research.com,,maldives,no,0.933
user185@research.com,,nepal,no,1.2282
user185@research.com,,philippines,no,1.0779
user185@research.com,,saudi arabia,no,0.8798
user185@research.com,,singapore,no,0.7841
user185@research.com,,south korea,no,0.7795
user185@research.com,,sri lanka,no,1.0807
user185@research.com,,taiwan,no,1.4472
user185@research.com,,thailand,no,0.9521
user185@research.com,,vietnam,no,2.4789
user185@research.com,,anguilla,no,2.2386
user185@research.com,,aruba,no,0.5788
user185@research.com,,bahamas,no,0.6274
user185@research.com,,barbados,no,0.5629
user185@research.com,,bonaire,no,0.5662
user185@research.com,,cuba,no,0.615
user185@research.com,,dominica,no,0.5609
user185@research.com,,grenada,no,0.4108
user185@research.com,,haiti,no,0.8945
user185@research.com,,jamaica,no,1.312
user185@research.com,,martinique,no,0.5639
user185@research.com,,st lucia,no,0.5639
user185@research.com,,montserrat,no,0.5463
user185@research.com,,st kitts and nevis,no,0.4964
user185@research.com,,trinidad,no,0.5463
user165@research.com,japan,bangladesh,no,4.885
user165@research.com,,china,no,5.6413
user165@research.com,,hong kong,no,1.3749
user165@research.com,,india,no,1.3555
user165@research.com,japan,japan,yes,3.4393
user165@research.com,,maldives,no,1.3884
user165@research.com,,nepal,no,1.2754
user165@research.com,,philippines,no,1.2559
user165@research.com,,saudi arabia,no,1.5183
user165@research.com,,singapore,no,1.3099
user165@research.com,,south korea,no,2.1767
user165@research.com,,sri lanka,no,1.2033
user165@research.com,,taiwan,no,1.1578
user165@research.com,,thailand,no,1.3556
user165@research.com,,vietnam,no,1.4699
user165@research.com,,anguilla,no,1.0878
user165@research.com,,aruba,no,1.1376
user165@research.com,,bahamas,no,1.0245
user165@research.com,,barbados,no,1.0242
user165@research.com,,bonaire,no,1.1143
user165@research.com,,cuba,no,1.9374
user165@research.com,,dominica,no,1.5431
user165@research.com,,grenada,no,1.3625
user165@research.com,,haiti,no,1.3732
user165@research.com,jamaica,jamaica,yes,7.2663
user165@research.com,,martinique,no,1.1586
user165@research.com,,st lucia,no,1.5829
user165@research.com,,montserrat,no,0.9082
user165@research.com,,st kitts and nevis,no,0.9093
user165@research.com,,trinidad,no,0.8434
user170@research.com,,bangladesh,no,10.6487
user170@research.com,china,china,yes,5.6612
user170@research.com,phillipines,hong kong,no,10.061
user170@research.com,india,india,yes,18.2194
user170@research.com,japan,japan,yes,8.5107
user170@research.com,nepal,maldives,no,8.3122
user170@research.com,,nepal,no,5.4561
user170@research.com,argentina,philippines,no,10.8079
user170@research.com,yemen,saudi arabia,no,14.5667
user170@research.com,,singapore,no,4.1866
user170@research.com,south korea,south korea,yes,12.658
user170@research.com,,sri lanka,no,1.4869
user170@research.com,,taiwan,no,2.7499
user170@research.com,,thailand,no,4.7102
user170@research.com,mongolia,vietnam,no,18.3841
user170@research.com,,anguilla,no,11.3684
user170@research.com,,aruba,no,1.9954
user170@research.com,,bahamas,no,2.9846
user170@research.com,,barbados,no,5.8956
user170@research.com,,bonaire,no,1.5285
user170@research.com,,cuba,no,7.4425
user170@research.com,brazil,dominica,no,9.2081
user170@research.com,hades,grenada,no,15.1515
user170@research.com,chile,haiti,no,10.2667
user170@research.com,,jamaica,no,13.8112
user170@research.com,,martinique,no,2.684
user170@research.com,,st lucia,no,3.1679
user170@research.com,cuba,montserrat,no,11.4374
user170@research.com,,st kitts and nevis,no,8.2516
user170@research.com,,trinidad,no,1.4753
user108@research.com,,bangladesh,no,5.8492
user108@research.com,chinachina,china,yes,7.6759
user108@research.com,,hong kong,no,4.8085
user108@research.com,,india,no,1.6615
user108@research.com,japan,japan,yes,4.5083
user108@research.com,,maldives,no,1.713
user108@research.com,,nepal,no,3.959
user108@research.com,,philippines,no,3.4062
user108@research.com,,saudi arabia,no,1.2555
user108@research.com,,singapore,no,3.2275
user108@research.com,,south korea,no,3.3754
user108@research.com,,sri lanka,no,1.2255
user108@research.com,,taiwan,no,1.1457
user108@research.com,greece,thailand,no,6.6429
user108@research.com,,vietnam,no,4.4262
user108@research.com,,anguilla,no,1.1731
user108@research.com,,aruba,no,1.0603
user108@research.com,,bahamas,no,1.1594
user108@research.com,,barbados,no,1.0968
user108@research.com,,bonaire,no,1.7273
user108@research.com,,cuba,no,1.992
user108@research.com,,dominica,no,1.106
user108@research.com,,grenada,no,1.4667
user108@research.com,,haiti,no,41.1495
user108@research.com,,jamaica,no,1.3614
user108@research.com,,martinique,no,14.1989
user108@research.com,,st lucia,no,1.5915
user108@research.com,,montserrat,no,1.4581
user108@research.com,,st kitts and nevis,no,1.0089
user108@research.com,,trinidad,no,1.0236
user96@research.com,japan,bangladesh,no,9.6532
user96@research.com,china,china,yes,3.5955
user96@research.com,indonesia ,hong kong,no,21.3138
user96@research.com,india,india,yes,6.3941
user96@research.com,japan,japan,yes,4.1445
user96@research.com,,maldives,no,9.6718
user96@research.com,,nepal,no,1.37
user96@research.com,,philippines,no,3.346
user96@research.com,,saudi arabia,no,1.1526
user96@research.com,singapore,singapore,yes,5.4128
user96@research.com,south korea,south korea,yes,11.7224
user96@research.com,,sri lanka,no,2.3544
user96@research.com,taiwan,taiwan,yes,7.399
user96@research.com,,thailand,no,6.295
user96@research.com,vietnam,vietnam,yes,7.5033
user96@research.com,,anguilla,no,2.1036
user96@research.com,,aruba,no,0.9385
user96@research.com,,bahamas,no,2.2148
user96@research.com,trinidad,barbados,no,5.7048
user96@research.com,,bonaire,no,1.6771
user96@research.com,,cuba,no,2.3889
user96@research.com,,dominica,no,0.8119
user96@research.com,,grenada,no,0.7306
user96@research.com,,haiti,no,0.8732
user96@research.com,dominican republic,jamaica,no,5.6134
user96@research.com,,martinique,no,1.2036
user96@research.com,,st lucia,no,0.8061
user96@research.com,,montserrat,no,1.2469
user96@research.com,,st kitts and nevis,no,1.0081
user96@research.com,,trinidad,no,0.7465
user156@research.com,,bangladesh,no,5.009
user156@research.com,,china,no,0.6279
user156@research.com,,hong kong,no,4.0163
user156@research.com,israel,india,no,7.6973
user156@research.com,japan,japan,yes,2.9991
user156@research.com,,maldives,no,3.2587
user156@research.com,nepal,nepal,yes,3.0642
user156@research.com,philippines,philippines,yes,4.264
user156@research.com,iraq,saudi arabia,no,3.9239
user156@research.com,lebanon,singapore,no,13.6754
user156@research.com,south korea,south korea,yes,3.3632
user156@research.com,morocco,sri lanka,no,12.7986
user156@research.com,thailand,taiwan,no,4.3799
user156@research.com,,thailand,no,20.1261
user156@research.com,vietnam,vietnam,yes,4.4118
user156@research.com,australia,anguilla,no,5.4326
user156@research.com,ireland,aruba,no,10.2815
user156@research.com,,bahamas,no,11.7472
user156@research.com,,barbados,no,1.0783
user156@research.com,,bonaire,no,2.8632
user156@research.com,pakistan,cuba,no,10.5312
user156@research.com,,dominica,no,4.084
user156@research.com,kenya,grenada,no,3.955
user156@research.com,new zealand,haiti,no,10.8818
user156@research.com,jamaica,jamaica,yes,4.0867
user156@research.com,rome,martinique,no,12.1381
user156@research.com,,st lucia,no,14.8981
user156@research.com,,montserrat,no,49.8625
user156@research.com,uganda,st kitts and nevis,no,6.1777
user156@research.com,,trinidad,no,2.1802
user134@research.com,,bangladesh,no,1.708
user134@research.com,china,china,yes,5.492
user134@research.com,taiwan,hong kong,no,2.595
user134@research.com,india,india,yes,1.861
user134@research.com,japan,japan,yes,1.829
user134@research.com,turkey,maldives,no,2.862
user134@research.com,,nepal,no,5.858
user134@research.com,indonesia,philippines,no,2.993
user134@research.com,,saudi arabia,no,4.961
user134@research.com,turkey,singapore,no,2.628
user134@research.com,south korea,south korea,yes,4.427
user134@research.com,mongolia,sri lanka,no,4.161
user134@research.com,taiwan,taiwan,yes,4.36
user134@research.com,indonesia,thailand,no,4.661
user134@research.com,vietnam,vietnam,yes,2.128
user134@research.com,indonesia,anguilla,no,3.894
user134@research.com,,aruba,no,1.796
user134@research.com,,bahamas,no,0.797
user134@research.com,,barbados,no,4.029
user134@research.com,,bonaire,no,3.629
user134@research.com,indonesia,cuba,no,8.36
user134@research.com,,dominica,no,2.196
user134@research.com,,grenada,no,2.628
user134@research.com,,haiti,no,2.829
user134@research.com,,jamaica,no,3.094
user134@research.com,,martinique,no,3.396
user134@research.com,,st lucia,no,1.129
user134@research.com,,montserrat,no,4.362
user134@research.com,ethiopia,st kitts and nevis,no,6.194
user134@research.com,,trinidad,no,4.594
user121@research.com,japan,bangladesh,no,11.851
user121@research.com,china,china,yes,3.4277
user121@research.com,taiwan,hong kong,no,4.7499
user121@research.com,india,india,yes,3.4142
user121@research.com,,japan,no,0.8705
user121@research.com,,maldives,no,4.804
user121@research.com,nepal,nepal,yes,6.6363
user121@research.com,malaysia,philippines,no,6.2038
user121@research.com,saudi arabia,saudi arabia,yes,7.0176
user121@research.com,turkey,singapore,no,5.292
user121@research.com,south korea,south korea,yes,6.2746
user121@research.com,sri lanka,sri lanka,yes,11.6356
user121@research.com,taiwan,taiwan,yes,6.1669
user121@research.com,indonesia,thailand,no,7.0235
user121@research.com,vietnam,vietnam,yes,6.2206
user121@research.com,new zealand,anguilla,no,10.2843
user121@research.com,,aruba,no,21.8527
user121@research.com,,bahamas,no,3.5532
user121@research.com,,barbados,no,3.2699
user121@research.com,,bonaire,no,3.166
user121@research.com,,cuba,no,6.9197
user121@research.com,,dominica,no,4.304
user121@research.com,,grenada,no,2.1521
user121@research.com,,haiti,no,1.0759
user121@research.com,jamaica,jamaica,yes,4.4454
user121@research.com,finland,martinique,no,10.0046
user121@research.com,,st lucia,no,2.2347
user121@research.com,,montserrat,no,2.7968
user121@research.com,,st kitts and nevis,no,1.2736
user121@research.com,,trinidad,no,1.1631
user140@research.com,japan,bangladesh,no,7.3293
user140@research.com,south korea,china,no,4.2828
user140@research.com,indonesia,hong kong,no,5.0289
user140@research.com,india,india,yes,2.6841
user140@research.com,japan,japan,yes,2.2174
user140@research.com,,maldives,no,2.1495
user140@research.com,,nepal,no,3.719
user140@research.com,,philippines,no,2.4833
user140@research.com,,saudi arabia,no,1.9172
user140@research.com,,singapore,no,4.9938
user140@research.com,south korea,south korea,yes,3.053
user140@research.com,,sri lanka,no,3.1523
user140@research.com,,taiwan,no,4.5663
user140@research.com,france,thailand,no,3.1534
user140@research.com,,vietnam,no,2.1206
user140@research.com,london,anguilla,no,3.7967
user140@research.com,,aruba,no,6.4816
user140@research.com,,bahamas,no,1.7832
user140@research.com,,barbados,no,1.8819
user140@research.com,,bonaire,no,1.4801
user140@research.com,,cuba,no,2.9771
user140@research.com,brazil,dominica,no,7.4366
user140@research.com,brazil,grenada,no,4.6858
user140@research.com,,haiti,no,2.0706
user140@research.com,,jamaica,no,2.0863
user140@research.com,,martinique,no,1.3633
user140@research.com,,st lucia,no,1.2122
user140@research.com,uk,montserrat,no,4.3493
user140@research.com,,st kitts and nevis,no,1.6992
user140@research.com,,trinidad,no,0.8157
user115@research.com,,bangladesh,no,4.0436
user115@research.com,china,china,yes,5.8505
user115@research.com,phillipines,hong kong,no,6.1259
user115@research.com,india,india,yes,4.4207
user115@research.com,japan,japan,yes,3.2553
user115@research.com,bhutan,maldives,no,5.8031
user115@research.com,taiwan,nepal,no,7.6164
user115@research.com,south korea,philippines,no,8.0675
user115@research.com,israel,saudi arabia,no,10.0826
user115@research.com,,singapore,no,3.3222
user115@research.com,south korea,south korea,yes,6.1525
user115@research.com,singapore,sri lanka,no,17.3424
user115@research.com,,taiwan,no,18.1081
user115@research.com,singapore,thailand,no,12.7963
user115@research.com,,vietnam,no,2.3894
user115@research.com,,anguilla,no,12.9361
user115@research.com,,aruba,no,3.6061
user115@research.com,,bahamas,no,1.4743
user115@research.com,cuba,barbados,no,12.4367
user115@research.com,guana,bonaire,no,6.8859
user115@research.com,cuba,cuba,yes,18.3252
user115@research.com,papua new guinea,dominica,no,10.7156
user115@research.com,,grenada,no,4.0826
user115@research.com,,haiti,no,4.3438
user115@research.com,brazil,jamaica,no,4.6382
user115@research.com,,martinique,no,2.0537
user115@research.com,argentina,st lucia,no,10.3654
user115@research.com,,montserrat,no,6.2295
user115@research.com,,st kitts and nevis,no,4.8317
user115@research.com,,trinidad,no,3.8712
user127@research.com,bangladesh,bangladesh,yes,28.5829
user127@research.com,china,china,yes,8.4632
user127@research.com,,hong kong,no,1.5789
user127@research.com,pakistan,india,no,7.0948
user127@research.com,japan,japan,yes,2.984
user127@research.com,,maldives,no,6.0632
user127@research.com,,nepal,no,2.614
user127@research.com,philippines,philippines,yes,16.6295
user127@research.com,,saudi arabia,no,1.7819
user127@research.com,singapore,singapore,yes,16.0913
user127@research.com,south korea,south korea,yes,10.2123
user127@research.com,,sri lanka,no,1.4156
user127@research.com,republic of china,taiwan,no,18.295
user127@research.com,,thailand,no,2.1527
user127@research.com,vietnam,vietnam,yes,12.5602
user127@research.com,,anguilla,no,1.5172
user127@research.com,,aruba,no,2.9632
user127@research.com,,bahamas,no,27.1139
user127@research.com,,barbados,no,2.3163
user127@research.com,,bonaire,no,5.0287
user127@research.com,,cuba,no,9.3807
user127@research.com,dominica,dominica,yes,19.4171
user127@research.com,,grenada,no,2.5789
user127@research.com,liechtenstein,haiti,no,21.2653
user127@research.com,,jamaica,no,1.3496
user127@research.com,,martinique,no,1.2963
user127@research.com,,st lucia,no,1.2954
user127@research.com,,montserrat,no,1.029
user127@research.com,,st kitts and nevis,no,1.0955
user127@research.com,,trinidad,no,1.0302
user163@research.com,,bangladesh,no,6.711
user163@research.com,china,china,yes,6.6078
user163@research.com,,hong kong,no,1.2044
user163@research.com,,india,no,3.263
user163@research.com,japan,japan,yes,3.681
user163@research.com,thailand,maldives,no,7.1481
user163@research.com,,nepal,no,2.0441
user163@research.com,indonesia,philippines,no,9.783
user163@research.com,,saudi arabia,no,2.6792
user163@research.com,,singapore,no,1.7963
user163@research.com,south korea,south korea,yes,8.8809
user163@research.com,,sri lanka,no,1.5957
user163@research.com,,taiwan,no,2.3127
user163@research.com,,thailand,no,1.8299
user163@research.com,,vietnam,no,3.7293
user163@research.com,,anguilla,no,4.6106
user163@research.com,,aruba,no,2.723
user163@research.com,,bahamas,no,2.8637
user163@research.com,,barbados,no,1.8794
user163@research.com,,bonaire,no,2.1751
user163@research.com,,cuba,no,1.8262
user163@research.com,,dominica,no,4.5947
user163@research.com,,grenada,no,1.6622
user163@research.com,,haiti,no,1.5165
user163@research.com,jamaica,jamaica,yes,5.291
user163@research.com,,martinique,no,2.0114
user163@research.com,,st lucia,no,1.5002
user163@research.com,,montserrat,no,5.597
user163@research.com,,st kitts and nevis,no,1.5777
user163@research.com,,trinidad,no,1.2793
user194@research.com,bangladesh,bangladesh,yes,21.07
user194@research.com,china,china,yes,2.336
user194@research.com,malaysia,hong kong,no,4.321
user194@research.com,india,india,yes,2.447
user194@research.com,japan,japan,yes,2.226
user194@research.com,,maldives,no,2.05
user194@research.com,,nepal,no,1.178
user194@research.com,indonesia,philippines,no,3.597
user194@research.com,,saudi arabia,no,1.364
user194@research.com,indonesia,singapore,no,4.052
user194@research.com,south korea,south korea,yes,7.443
user194@research.com,,sri lanka,no,0.694
user194@research.com,,taiwan,no,1.262
user194@research.com,,thailand,no,1.006
user194@research.com,,vietnam,no,0.845
user194@research.com,wales,anguilla,no,4.06
user194@research.com,,aruba,no,2.612
user194@research.com,,bahamas,no,1.011
user194@research.com,,barbados,no,1.873
user194@research.com,,bonaire,no,1.754
user194@research.com,,cuba,no,1.511
user194@research.com,,dominica,no,1.247
user194@research.com,,grenada,no,1.123
user194@research.com,,haiti,no,9.401
user194@research.com,,jamaica,no,6.287
user194@research.com,,martinique,no,0.921
user194@research.com,,st lucia,no,0.84
user194@research.com,,montserrat,no,4.11
user194@research.com,,st kitts and nevis,no,1.066
user194@research.com,,trinidad,no,0.866
user113@research.com,japan,bangladesh,no,5.6284
user113@research.com,china,china,yes,2.5297
user113@research.com,hongkong ,hong kong,yes,3.5333
user113@research.com,,india,no,1.6981
user113@research.com,japan,japan,yes,2.7472
user113@research.com,istanbul,maldives,no,22.0517
user113@research.com,,nepal,no,3.17
user113@research.com,,philippines,no,8.1557
user113@research.com,123wes,saudi arabia,no,56.9512
user113@research.com,singapore,singapore,yes,18.9375
user113@research.com,south korea,south korea,yes,4.0165
user113@research.com,,sri lanka,no,4.0872
user113@research.com,,taiwan,no,0.9196
user113@research.com,tailand,thailand,yes,8.1461
user113@research.com,vietnam,vietnam,yes,9.9696
user113@research.com,,anguilla,no,19.1777
user113@research.com,,aruba,no,3.2824
user113@research.com,,bahamas,no,7.4635
user113@research.com,,barbados,no,1.3498
user113@research.com,,bonaire,no,2.063
user113@research.com,,cuba,no,2.8832
user113@research.com,,dominica,no,1.8666
user113@research.com,,grenada,no,1.4174
user113@research.com,,haiti,no,3.2307
user113@research.com,jamaica,jamaica,yes,7.6797
user113@research.com,,martinique,no,3.9933
user113@research.com,,st lucia,no,0.9166
user113@research.com,,montserrat,no,5.7303
user113@research.com,,st kitts and nevis,no,1.5457
user113@research.com,,trinidad,no,3.9293
user102@research.com,bangladesh,bangladesh,yes,14.891
user102@research.com,china,china,yes,0.658
user102@research.com,hong kong,hong kong,yes,0.574
user102@research.com,india,india,yes,6.807
user102@research.com,japan,japan,yes,3.69
user102@research.com,maldives,maldives,yes,4.409
user102@research.com,nepal,nepal,yes,1.941
user102@research.com,philippines,philippines,yes,3.762
user102@research.com,saudi arabia,saudi arabia,yes,4.695
user102@research.com,singapore,singapore,yes,3.36
user102@research.com,south korea,south korea,yes,3.733
user102@research.com,sri lanka,sri lanka,yes,5.021
user102@research.com,taiwan,taiwan,yes,2.964
user102@research.com,thailand,thailand,yes,3.058
user102@research.com,vietnam,vietnam,yes,3.297
user102@research.com,mau,anguilla,no,14.525
user102@research.com,musqarakte,aruba,no,6.336
user102@research.com,hdhd,bahamas,no,2.991
user102@research.com,dont know,barbados,no,3.075
user102@research.com,dont know,bonaire,no,2.79
user102@research.com,dont know,cuba,no,4.311
user102@research.com,dont know,dominica,no,3.187
user102@research.com,dont know,grenada,no,3.025
user102@research.com,dont kniow,haiti,no,2.79
user102@research.com,dont know,jamaica,no,4.441
user102@research.com,dont know,martinique,no,5.373
user102@research.com,dont know,st lucia,no,3.731
user102@research.com,dont know,montserrat,no,4.308
user102@research.com,dont know,st kitts and nevis,no,2.843
user102@research.com,dont know,trinidad,no,4.19
user198@research.com,,bangladesh,no,3.8335
user198@research.com,china,china,yes,3.7896
user198@research.com,,hong kong,no,5.5449
user198@research.com,indonesia,india,no,5.9176
user198@research.com,japan,japan,yes,2.8966
user198@research.com,mongolia,maldives,no,5.978
user198@research.com,nepal,nepal,yes,2.7976
user198@research.com,,philippines,no,1.9012
user198@research.com,,saudi arabia,no,1.341
user198@research.com,china,singapore,no,3.3968
user198@research.com,south korea,south korea,yes,3.7304
user198@research.com,,sri lanka,no,1.5467
user198@research.com,,taiwan,no,1.1631
user198@research.com,,thailand,no,6.7168
user198@research.com,,vietnam,no,1.8155
user198@research.com,,anguilla,no,4.8299
user198@research.com,,aruba,no,1.3196
user198@research.com,,bahamas,no,7.989
user198@research.com,,barbados,no,1.187
user198@research.com,,bonaire,no,1.1003
user198@research.com,,cuba,no,1.2906
user198@research.com,,dominica,no,1.2463
user198@research.com,,grenada,no,2.3798
user198@research.com,,haiti,no,13.6651
user198@research.com,,jamaica,no,0.9708
user198@research.com,,martinique,no,1.03
user198@research.com,,st lucia,no,1.3686
user198@research.com,,montserrat,no,1.6961
user198@research.com,,st kitts and nevis,no,1.1464
user198@research.com,,trinidad,no,1.9511
user199@research.com,,bangladesh,no,1.2848
user199@research.com,china,china,yes,3.9506
user199@research.com,hong kong,hong kong,yes,4.4362
user199@research.com,,india,no,0.889
user199@research.com,japan,japan,yes,2.4463
user199@research.com,tunisia,maldives,no,10.6091
user199@research.com,nepal,nepal,yes,5.9061
user199@research.com,philippines,philippines,yes,5.7818
user199@research.com,saudi arabia,saudi arabia,yes,5.928
user199@research.com,singapore,singapore,yes,3.638
user199@research.com,south korea,south korea,yes,4.3108
user199@research.com,bhutan,sri lanka,no,11.601
user199@research.com,taiwan,taiwan,yes,2.4776
user199@research.com,thailand,thailand,yes,3.6234
user199@research.com,vietnam,vietnam,yes,2.9766
user199@research.com,sri lanka,anguilla,no,12.0539
user199@research.com,andorra,aruba,no,15.6587
user199@research.com,myanmar,bahamas,no,19.012
user199@research.com,tunisia,barbados,no,14.145
user199@research.com,bangladesh,bonaire,no,12.4834
user199@research.com,puerto rico,cuba,no,12.5844
user199@research.com,cambodia,dominica,no,11.6129
user199@research.com,,grenada,no,0.8709
user199@research.com,myanmar,haiti,no,4.7502
user199@research.com,jamaica,jamaica,yes,39.8062
user199@research.com,niger,martinique,no,5.5914
user199@research.com,mozambique,st lucia,no,10.5938
user199@research.com,,montserrat,no,1.1104
user199@research.com,eritea,st kitts and nevis,no,7.7997
user199@research.com,cameroon,trinidad,no,10.9998
user91@research.com,,bangladesh,no,8.4193
user91@research.com,china,china,yes,4.4974
user91@research.com,indonesia,hong kong,no,4.0553
user91@research.com,india,india,yes,2.4362
user91@research.com,japan,japan,yes,3.1271
user91@research.com,turkey,maldives,no,3.1205
user91@research.com,jakarta,nepal,no,7.4538
user91@research.com,philippines,philippines,yes,43.8485
user91@research.com,pakistan,saudi arabia,no,12.1028
user91@research.com,pakistan,singapore,no,4.5213
user91@research.com,south korea,south korea,yes,5.521
user91@research.com,vietnam,sri lanka,no,15.4664
user91@research.com,,taiwan,no,4.9862
user91@research.com,netherlands,thailand,no,3.7222
user91@research.com,,vietnam,no,2.1544
user91@research.com,whales,anguilla,no,7.7562
user91@research.com,nepal,aruba,no,5.1892
user91@research.com,barbados,bahamas,no,18.8523
user91@research.com,,barbados,no,3.9534
user91@research.com,jamaica,bonaire,no,24.388
user91@research.com,singapore,cuba,no,5.9717
user91@research.com,columbia,dominica,no,4.6376
user91@research.com,peru,grenada,no,6.1228
user91@research.com,,haiti,no,5.2381
user91@research.com,jamaica,jamaica,yes,3.5914
user91@research.com,,martinique,no,24.6855
user91@research.com,carribean,st lucia,no,21.9721
user91@research.com,st joseph,montserrat,no,14.3849
user91@research.com,,st kitts and nevis,no,11.4863
user91@research.com,,trinidad,no,2.0345
user186@research.com,,bangladesh,no,17.0478
user186@research.com,china,china,yes,4.2215
user186@research.com,mongolia,hong kong,no,8.1252
user186@research.com,india,india,yes,3.0353
user186@research.com,japan,japan,yes,2.3558
user186@research.com,afghanistan,maldives,no,13.4992
user186@research.com,somalia,nepal,no,7.4266
user186@research.com,serbia,philippines,no,10.5915
user186@research.com,uae,saudi arabia,no,4.3544
user186@research.com,,singapore,no,41.5319
user186@research.com,south korea,south korea,yes,2.6764
user186@research.com,macau,sri lanka,no,18.4343
user186@research.com,thailand,taiwan,no,7.3837
user186@research.com,sweden,thailand,no,6.429
user186@research.com,north korea,vietnam,no,5.1129
user186@research.com,australia,anguilla,no,3.6309
user186@research.com,norway,aruba,no,4.0907
user186@research.com,sweden,bahamas,no,4.0095
user186@research.com,peru,barbados,no,12.4529
user186@research.com,chile,bonaire,no,4.5244
user186@research.com,switzerland,cuba,no,8.7907
user186@research.com,rio de janeiro,dominica,no,7.9787
user186@research.com,south africa,grenada,no,9.2714
user186@research.com,norway,haiti,no,87.4506
user186@research.com,uzbekistan,jamaica,no,18.6726
user186@research.com,reputation,martinique,no,7.0927
user186@research.com,1989,st lucia,no,6.52
user186@research.com,cyprus,montserrat,no,84.8074
user186@research.com,peru,st kitts and nevis,no,30.6215
user186@research.com,red,trinidad,no,23.5911
user107@research.com,,bangladesh,no,4.717
user107@research.com,china,china,yes,4.308
user107@research.com,,hong kong,no,2.128
user107@research.com,,india,no,1.242
user107@research.com,japan,japan,yes,3.778
user107@research.com,turkey,maldives,no,4.279
user107@research.com,,nepal,no,2.711
user107@research.com,,philippines,no,3.678
user107@research.com,,saudi arabia,no,2.146
user107@research.com,,singapore,no,5.678
user107@research.com,south korea,south korea,yes,7.337
user107@research.com,,sri lanka,no,2.511
user107@research.com,,taiwan,no,4.494
user107@research.com,,thailand,no,4.178
user107@research.com,vietnam,vietnam,yes,3.846
user107@research.com,,anguilla,no,4.745
user107@research.com,,aruba,no,2.296
user107@research.com,,bahamas,no,2.579
user107@research.com,,barbados,no,2.545
user107@research.com,,bonaire,no,1.928
user107@research.com,,cuba,no,1.546
user107@research.com,,dominica,no,2.046
user107@research.com,,grenada,no,2.263
user107@research.com,,haiti,no,1.73
user107@research.com,jamaica,jamaica,yes,4.505
user107@research.com,,martinique,no,1.879
user107@research.com,,st lucia,no,2.362
user107@research.com,,montserrat,no,2.079
user107@research.com,,st kitts and nevis,no,2.579
user107@research.com,,trinidad,no,1.958
user200@research.com,,bangladesh,no,3.8793
user200@research.com,china,china,yes,7.6305
user200@research.com,,hong kong,no,4.3096
user200@research.com,,india,no,4.3118
user200@research.com,japan,japan,yes,3.6065
user200@research.com,,maldives,no,2.17
user200@research.com,,nepal,no,1.4886
user200@research.com,,philippines,no,3.4564
user200@research.com,,saudi arabia,no,1.5724
user200@research.com,,singapore,no,2.9467
user200@research.com,south korea,south korea,yes,3.9745
user200@research.com,,sri lanka,no,2.3521
user200@research.com,,taiwan,no,12.557
user200@research.com,,thailand,no,3.1547
user200@research.com,,vietnam,no,4.2003
user200@research.com,,anguilla,no,1.7038
user200@research.com,,aruba,no,1.4238
user200@research.com,,bahamas,no,1.1466
user200@research.com,,barbados,no,1.3296
user200@research.com,,bonaire,no,1.1889
user200@research.com,,cuba,no,1.2969
user200@research.com,,dominica,no,1.464
user200@research.com,,grenada,no,1.7635
user200@research.com,,haiti,no,2.7368
user200@research.com,,jamaica,no,1.5899
user200@research.com,,martinique,no,1.7966
user200@research.com,,st lucia,no,1.2928
user200@research.com,,montserrat,no,1.4135
user200@research.com,,st kitts and nevis,no,1.1709
user200@research.com,,trinidad,no,1.2459
user132@research.com ,japan,bangladesh,no,15.3577
user132@research.com,china,china,yes,4.5128
user132@research.com,hong kong,hong kong,yes,6.797
user132@research.com,india,india,yes,4.0612
user132@research.com,japan,japan,yes,2.5676
user132@research.com,istan,maldives,no,9.5315
user132@research.com,,nepal,no,1.6805
user132@research.com,,philippines,no,8.6586
user132@research.com,,saudi arabia,no,4.8977
user132@research.com,,singapore,no,4.081
user132@research.com,south korea,south korea,yes,3.7499
user132@research.com,,sri lanka,no,1.2147
user132@research.com,,taiwan,no,7.5313
user132@research.com,,thailand,no,1.0967
user132@research.com,,vietnam,no,8.5631
user132@research.com,,anguilla,no,1.1504
user132@research.com,,aruba,no,0.8619
user132@research.com,,bahamas,no,5.5309
user132@research.com,,barbados,no,6.0112
user132@research.com,,bonaire,no,0.9649
user132@research.com,,cuba,no,3.633
user132@research.com,,dominica,no,1.9838
user132@research.com,,grenada,no,1.0289
user132@research.com,,haiti,no,1.5814
user132@research.com,,jamaica,no,9.0488
user132@research.com,,martinique,no,2.1172
user132@research.com,,st lucia,no,1.1141
user132@research.com,,montserrat,no,4.2814
user132@research.com,,st kitts and nevis,no,0.9994
user132@research.com,,trinidad,no,2.0316
user189@research.com,don't know,bangladesh,no,8.7084
user189@research.com,china,china,yes,5.1686
user189@research.com,,hong kong,no,2.2101
user189@research.com,,india,no,1.5961
user189@research.com,japan,japan,yes,4.3541
user189@research.com,,maldives,no,1.7693
user189@research.com,,nepal,no,1.5071
user189@research.com,,philippines,no,3.4381
user189@research.com,,saudi arabia,no,1.0257
user189@research.com,,singapore,no,1.3998
user189@research.com,south korea,south korea,yes,8.0048
user189@research.com,,sri lanka,no,2.9561
user189@research.com,,taiwan,no,2.1441
user189@research.com,,thailand,no,1.4426
user189@research.com,,vietnam,no,1.8382
user189@research.com,united kingdom,anguilla,no,13.493
user189@research.com,,aruba,no,1.2624
user189@research.com,,bahamas,no,1.3729
user189@research.com,,barbados,no,1.0902
user189@research.com,,bonaire,no,1.0235
user189@research.com,,cuba,no,1.0911
user189@research.com,,dominica,no,1.1405
user189@research.com,,grenada,no,1.0406
user189@research.com,,haiti,no,0.7743
user189@research.com,,jamaica,no,1.1069
user189@research.com,,martinique,no,1.1084
user189@research.com,,st lucia,no,0.9553
user189@research.com,,montserrat,no,7.5874
user189@research.com,,st kitts and nevis,no,0.8384
user189@research.com,,trinidad,no,1.8957
user174@research.com,,bangladesh,no,3.1575
user174@research.com,china,china,yes,6.7137
user174@research.com,,hong kong,no,2.0827
user174@research.com,,india,no,2.6897
user174@research.com,japan,japan,yes,2.8583
user174@research.com,,maldives,no,3.9041
user174@research.com,,nepal,no,1.9349
user174@research.com,,philippines,no,3.0245
user174@research.com,,saudi arabia,no,1.8077
user174@research.com,,singapore,no,2.0493
user174@research.com,,south korea,no,4.7383
user174@research.com,,sri lanka,no,1.4915
user174@research.com,,taiwan,no,1.3376
user174@research.com,,thailand,no,1.7316
user174@research.com,,vietnam,no,1.4326
user174@research.com,,anguilla,no,1.7646
user174@research.com,,aruba,no,1.348
user174@research.com,,bahamas,no,1.1485
user174@research.com,,barbados,no,2.2819
user174@research.com,,bonaire,no,1.6557
user174@research.com,,cuba,no,1.3981
user174@research.com,,dominica,no,1.1479
user174@research.com,,grenada,no,1.3493
user174@research.com,,haiti,no,1.7986
user174@research.com,,jamaica,no,1.3935
user174@research.com,,martinique,no,1.2989
user174@research.com,,st lucia,no,1.2319
user174@research.com,,montserrat,no,1.2645
user174@research.com,,st kitts and nevis,no,2.082
user174@research.com,,trinidad,no,0.9814
user181@research.com,,bangladesh,no,3.4437
user181@research.com,china,china,yes,7.119
user181@research.com,malaysia,hong kong,no,9.1487
user181@research.com,india,india,yes,2.9757
user181@research.com,japan,japan,yes,2.7459
user181@research.com,,maldives,no,1.4091
user181@research.com,nepal,nepal,yes,4.0505
user181@research.com,philippines,philippines,yes,8.0415
user181@research.com,thailand,saudi arabia,no,5.9794
user181@research.com,indonesia,singapore,no,4.7753
user181@research.com,south korea,south korea,yes,4.0214
user181@research.com,,sri lanka,no,74.2492
user181@research.com,,taiwan,no,1.4862
user181@research.com,,thailand,no,1.8938
user181@research.com,vietnam,vietnam,yes,3.8726
user181@research.com,wales,anguilla,no,3.5144
user181@research.com,,aruba,no,1.4163
user181@research.com,,bahamas,no,77.3322
user181@research.com,,barbados,no,1.9064
user181@research.com,,bonaire,no,0.9153
user181@research.com,,cuba,no,0.6989
user181@research.com,,dominica,no,0.6471
user181@research.com,,grenada,no,0.7071
user181@research.com,,haiti,no,0.8037
user181@research.com,jamaica,jamaica,yes,3.3598
user181@research.com,,martinique,no,1.053
user181@research.com,,st lucia,no,0.7751
user181@research.com,,montserrat,no,1.6657
user181@research.com,,st kitts and nevis,no,0.7881
user181@research.com,,trinidad,no,0.7743
user146@research.com,,bangladesh,no,6.5677
user146@research.com,china,china,yes,5.3165
user146@research.com,,hong kong,no,2.4823
user146@research.com,india,india,yes,3.8154
user146@research.com,japan,japan,yes,3.5213
user146@research.com,,maldives,no,1.2999
user146@research.com,,nepal,no,1.7638
user146@research.com,,philippines,no,1.9035
user146@research.com,,saudi arabia,no,1.2859
user146@research.com,,singapore,no,2.2762
user146@research.com,south korea,south korea,yes,12.0079
user146@research.com,,sri lanka,no,1.6868
user146@research.com,,taiwan,no,3.6142
user146@research.com,,thailand,no,2.2554
user146@research.com,,vietnam,no,0.5624
user146@research.com,,anguilla,no,4.0737
user146@research.com,,aruba,no,1.2963
user146@research.com,,bahamas,no,3.2174
user146@research.com,,barbados,no,1.1169
user146@research.com,,bonaire,no,1.1217
user146@research.com,,cuba,no,1.9774
user146@research.com,,dominica,no,1.036
user146@research.com,,grenada,no,0.9666
user146@research.com,,haiti,no,1.2347
user146@research.com,jamaica,jamaica,yes,25.1912
user146@research.com,,martinique,no,22.6814
user146@research.com,,st lucia,no,1.8439
user146@research.com,,montserrat,no,1.3575
user146@research.com,,st kitts and nevis,no,1.1405
user146@research.com,,trinidad,no,0.9471
user87@research.com,,bangladesh,no,2.974
user87@research.com,china,china,yes,4.1281
user87@research.com,indonesia,hong kong,no,3.3853
user87@research.com,india,india,yes,2.6513
user87@research.com,japan,japan,yes,2.4002
user87@research.com,,maldives,no,2.3499
user87@research.com,laos,nepal,no,6.0139
user87@research.com,philippines,philippines,yes,4.918
user87@research.com,,saudi arabia,no,2.248
user87@research.com,indonesia,singapore,no,9.4957
user87@research.com,south korea,south korea,yes,3.3666
user87@research.com,,sri lanka,no,1.5161
user87@research.com,taiwan,taiwan,yes,4.3787
user87@research.com,,thailand,no,1.3832
user87@research.com,vietnam,vietnam,yes,3.9299
user87@research.com,,anguilla,no,1.1812
user87@research.com,,aruba,no,1.3624
user87@research.com,,bahamas,no,1.4633
user87@research.com,,barbados,no,2.0309
user87@research.com,,bonaire,no,1.0622
user87@research.com,,cuba,no,1.3965
user87@research.com,,dominica,no,1.0661
user87@research.com,,grenada,no,0.9461
user87@research.com,,haiti,no,0.9589
user87@research.com,jamaica,jamaica,yes,4.9784
user87@research.com,,martinique,no,1.3996
user87@research.com,,st lucia,no,2.6503
user87@research.com,,montserrat,no,1.598
user87@research.com,,st kitts and nevis,no,2.1818
user87@research.com,,trinidad,no,1.094
user145@research.com,,bangladesh,no,3.3134
user145@research.com,china,china,yes,6.7018
user145@research.com,hong kong,hong kong,yes,7.054
user145@research.com,mexico,india,no,5.5368
user145@research.com,japan,japan,yes,4.0239
user145@research.com,,maldives,no,1.997
user145@research.com,nepal,nepal,yes,28.8121
user145@research.com,,philippines,no,1.7183
user145@research.com,saudi arabia,saudi arabia,yes,27.4444
user145@research.com,singapore,singapore,yes,21.2396
user145@research.com,south korea,south korea,yes,6.0821
user145@research.com,,sri lanka,no,7.0645
user145@research.com,taiwan,taiwan,yes,5.8508
user145@research.com,,thailand,no,2.7283
user145@research.com,vietnam,vietnam,yes,23.9972
user145@research.com,,anguilla,no,4.0588
user145@research.com,,aruba,no,1.6785
user145@research.com,,bahamas,no,2.1196
user145@research.com,,barbados,no,1.648
user145@research.com,,bonaire,no,1.6032
user145@research.com,,cuba,no,1.5614
user145@research.com,,dominica,no,3.2286
user145@research.com,,grenada,no,2.9187
user145@research.com,,haiti,no,1.6865
user145@research.com,,jamaica,no,1.3036
user145@research.com,,martinique,no,2.1286
user145@research.com,,st lucia,no,1.3455
user145@research.com,,montserrat,no,2.9225
user145@research.com,,st kitts and nevis,no,3.5786
user145@research.com,,trinidad,no,1.3213
user187@research.com,,bangladesh,no,3.2486
user187@research.com,china,china,yes,4.2159
user187@research.com,indonesia,hong kong,no,7.6642
user187@research.com,india,india,yes,8.9328
user187@research.com,japan,japan,yes,2.5964
user187@research.com,tajikistan,maldives,no,4.3875
user187@research.com,,nepal,no,3.8299
user187@research.com,philippines,philippines,yes,4.4823
user187@research.com,iran,saudi arabia,no,4.1487
user187@research.com,turkey,singapore,no,3.3151
user187@research.com,south korea,south korea,yes,4.1684
user187@research.com,malaysia,sri lanka,no,5.5846
user187@research.com,vietnam,taiwan,no,8.9484
user187@research.com,,thailand,no,3.6144
user187@research.com,,vietnam,no,10.4333
user187@research.com,,anguilla,no,5.1809
user187@research.com,,aruba,no,3.4656
user187@research.com,,bahamas,no,2.4502
user187@research.com,,barbados,no,2.5647
user187@research.com,,bonaire,no,2.8779
user187@research.com,,cuba,no,2.9487
user187@research.com,,dominica,no,2.664
user187@research.com,,grenada,no,2.3477
user187@research.com,,haiti,no,2.9136
user187@research.com,jamaica,jamaica,yes,5.8981
user187@research.com,,martinique,no,2.8804
user187@research.com,,st lucia,no,2.1919
user187@research.com,,montserrat,no,2.4137
user187@research.com,,st kitts and nevis,no,1.747
user187@research.com,,trinidad,no,1.1592
user86@research.com,,bangladesh,no,5.7197
user86@research.com,china,china,yes,4.4027
user86@research.com,hongkong,hong kong,yes,8.3025
user86@research.com,india,india,yes,6.1636
user86@research.com,japan,japan,yes,3.3868
user86@research.com,,maldives,no,2.0922
user86@research.com,,nepal,no,1.7064
user86@research.com,,philippines,no,3.0222
user86@research.com,,saudi arabia,no,2.4544
user86@research.com,vietnam,singapore,no,37.8222
user86@research.com,korean,south korea,yes,5.2727
user86@research.com,,sri lanka,no,4.4248
user86@research.com,,taiwan,no,2.0212
user86@research.com,,thailand,no,3.4568
user86@research.com,,vietnam,no,1.689
user86@research.com,,anguilla,no,1.755
user86@research.com,,aruba,no,1.1891
user86@research.com,,bahamas,no,1.7815
user86@research.com,,barbados,no,1.2056
user86@research.com,,bonaire,no,3.3474
user86@research.com,,cuba,no,1.6065
user86@research.com,,dominica,no,1.8318
user86@research.com,,grenada,no,3.5728
user86@research.com,,haiti,no,2.5397
user86@research.com,,jamaica,no,2.8558
user86@research.com,,martinique,no,1.5725
user86@research.com,,st lucia,no,1.7896
user86@research.com,,montserrat,no,3.0908
user86@research.com,,st kitts and nevis,no,3.5239
user86@research.com,,trinidad,no,2.1391
user188@research.com,don't know,bangladesh,no,16.7094
user188@research.com,china,china,yes,6.5422
user188@research.com,hong kong,hong kong,yes,4.3955
user188@research.com,india,india,yes,7.7751
user188@research.com,japan,japan,yes,3.4395
user188@research.com,turkey,maldives,no,10.5899
user188@research.com,nepal,nepal,yes,4.0866
user188@research.com,dont know,philippines,no,32.7911
user188@research.com,afghanistan,saudi arabia,no,11.4094
user188@research.com,trueky,singapore,no,4.3364
user188@research.com,south korea,south korea,yes,9.2612
user188@research.com,dont know,sri lanka,no,4.8207
user188@research.com,,taiwan,no,3.7837
user188@research.com,,thailand,no,1.1292
user188@research.com,vietnam,vietnam,yes,4.781
user188@research.com,australia,anguilla,no,7.359
user188@research.com,suslands,aruba,no,4.4771
user188@research.com,,bahamas,no,0.8754
user188@research.com,,barbados,no,1.4156
user188@research.com,,bonaire,no,0.6465
user188@research.com,,cuba,no,1.4577
user188@research.com,,dominica,no,1.9605
user188@research.com,,grenada,no,0.6178
user188@research.com,,haiti,no,0.642
user188@research.com,,jamaica,no,0.5134
user188@research.com,,martinique,no,3.3348
user188@research.com,,st lucia,no,2.5159
user188@research.com,,montserrat,no,1.8151
user188@research.com,,st kitts and nevis,no,1.9132
user188@research.com,,trinidad,no,4.7615
user191@research.com,bangladesh,bangladesh,yes,10.6278
user191@research.com,china,china,yes,4.3476
user191@research.com,samoa,hong kong,no,9.3848
user191@research.com,india,india,yes,3.5936
user191@research.com,japan,japan,yes,4.0771
user191@research.com,pakistan,maldives,no,5.8417
user191@research.com,philipines,nepal,no,6.5449
user191@research.com,philippines,philippines,yes,33.0344
user191@research.com,saudi arabia,saudi arabia,yes,6.565
user191@research.com,uzebekistan,singapore,no,13.7939
user191@research.com,south korea,south korea,yes,9.1796
user191@research.com,don't know,sri lanka,no,9.9122
user191@research.com,don't know,taiwan,no,4.845
user191@research.com,,thailand,no,1.642
user191@research.com,,vietnam,no,2.0744
user191@research.com,new zealand,anguilla,no,17.5699
user191@research.com,,aruba,no,2.9779
user191@research.com,,bahamas,no,1.648
user191@research.com,,barbados,no,1.3259
user191@research.com,,bonaire,no,1.0646
user191@research.com,puerto rico,cuba,no,7.6998
user191@research.com,,dominica,no,1.1241
user191@research.com,,grenada,no,0.9487
user191@research.com,,haiti,no,1.6307
user191@research.com,jamaica,jamaica,yes,5.749
user191@research.com,,martinique,no,0.9227
user191@research.com,,st lucia,no,0.7307
user191@research.com,,montserrat,no,1.7987
user191@research.com,,st kitts and nevis,no,0.9307
user191@research.com,,trinidad,no,0.7651
user161@research.com,japan,bangladesh,no,10.4883
user161@research.com,china,china,yes,2.2466
user161@research.com,malaysia,hong kong,no,3.8127
user161@research.com,,india,no,4.0364
user161@research.com,japan,japan,yes,1.9873
user161@research.com,,maldives,no,3.1696
user161@research.com,,nepal,no,1.1491
user161@research.com,philippines,philippines,yes,6.0987
user161@research.com,,saudi arabia,no,2.2019
user161@research.com,,singapore,no,4.5046
user161@research.com,south korea,south korea,yes,5.5881
user161@research.com,,sri lanka,no,1.1353
user161@research.com,,taiwan,no,4.2154
user161@research.com,,thailand,no,2.4916
user161@research.com,,vietnam,no,1.1805
user161@research.com,,anguilla,no,1.3484
user161@research.com,,aruba,no,2.829
user161@research.com,,bahamas,no,2.6721
user161@research.com,,barbados,no,1.4722
user161@research.com,,bonaire,no,1.2322
user161@research.com,greece,cuba,no,7.7976
user161@research.com,,dominica,no,1.6324
user161@research.com,,grenada,no,1.5838
user161@research.com,,haiti,no,16.9955
user161@research.com,jamaica,jamaica,yes,2.9725
user161@research.com,,martinique,no,1.9314
user161@research.com,,st lucia,no,1.0495
user161@research.com,,montserrat,no,2.263
user161@research.com,,st kitts and nevis,no,2.0122
user161@research.com,,trinidad,no,1.0106
user129@research.com,don't know,bangladesh,no,5.5238
user129@research.com,china,china,yes,16.8294
user129@research.com,,hong kong,no,3.2462
user129@research.com,india,india,yes,2.8437
user129@research.com,japan,japan,yes,4.0797
user129@research.com,,maldives,no,4.018
user129@research.com,,nepal,no,1.7138
user129@research.com,philippines,philippines,yes,7.2129
user129@research.com,,saudi arabia,no,1.8313
user129@research.com,,singapore,no,0.7775
user129@research.com,south korea,south korea,yes,4.0305
user129@research.com,,sri lanka,no,1.2682
user129@research.com,taiwan,taiwan,yes,2.3798
user129@research.com,dont know,thailand,no,4.9814
user129@research.com,vietnam,vietnam,yes,5.5392
user129@research.com,,anguilla,no,27.4222
user129@research.com,,aruba,no,1.7325
user129@research.com,,bahamas,no,0.7303
user129@research.com,,barbados,no,0.6478
user129@research.com,,bonaire,no,0.5642
user129@research.com,,cuba,no,3.6474
user129@research.com,,dominica,no,0.5513
user129@research.com,,grenada,no,0.5174
user129@research.com,,haiti,no,1.1319
user129@research.com,,jamaica,no,0.5465
user129@research.com,,martinique,no,0.5769
user129@research.com,,st lucia,no,2.0125
user129@research.com,,montserrat,no,8.4127
user129@research.com,,st kitts and nevis,no,0.7348
user129@research.com,,trinidad,no,0.5933
user157@research.com,,bangladesh,no,2.288
user157@research.com,china,china,yes,6.139
user157@research.com,philliphines,hong kong,no,7.764
user157@research.com,iran,india,no,6.542
user157@research.com,japan,japan,yes,3.483
user157@research.com,,maldives,no,1.6
user157@research.com,,nepal,no,1.695
user157@research.com,spain,philippines,no,4.431
user157@research.com,,saudi arabia,no,2.845
user157@research.com,,singapore,no,1.751
user157@research.com,south korea,south korea,yes,9.442
user157@research.com,,sri lanka,no,1.216
user157@research.com,,taiwan,no,1.275
user157@research.com,,thailand,no,3.295
user157@research.com,,vietnam,no,1.434
user157@research.com,,anguilla,no,1.88
user157@research.com,,aruba,no,1.676
user157@research.com,,bahamas,no,1.448
user157@research.com,,barbados,no,0.968
user157@research.com,,bonaire,no,0.983
user157@research.com,,cuba,no,0.854
user157@research.com,,dominica,no,1.645
user157@research.com,,grenada,no,3.721
user157@research.com,,haiti,no,1.906
user157@research.com,jamaica,jamaica,yes,7.52
user157@research.com,,martinique,no,2.846
user157@research.com,,st lucia,no,1.023
user157@research.com,,montserrat,no,3.362
user157@research.com,,st kitts and nevis,no,2.459
user157@research.com,,trinidad,no,1.212
user114@research.com,,bangladesh,no,2.2799
user114@research.com,china,china,yes,5.3488
user114@research.com,,hong kong,no,1.3453
user114@research.com,india,india,yes,2.4327
user114@research.com,japan,japan,yes,2.1815
user114@research.com,nepal,maldives,no,2.348
user114@research.com,,nepal,no,1.0305
user114@research.com,philippines,philippines,yes,3.9977
user114@research.com,,saudi arabia,no,1.067
user114@research.com,,singapore,no,1.1642
user114@research.com,,south korea,no,1.401
user114@research.com,,sri lanka,no,0.9304
user114@research.com,,taiwan,no,0.8325
user114@research.com,,thailand,no,1.0799
user114@research.com,,vietnam,no,2.2474
user114@research.com,,anguilla,no,1.1857
user114@research.com,,aruba,no,0.9125
user114@research.com,,bahamas,no,0.95
user114@research.com,,barbados,no,0.7989
user114@research.com,,bonaire,no,0.735
user114@research.com,,cuba,no,0.78
user114@research.com,,dominica,no,0.6489
user114@research.com,,grenada,no,0.6499
user114@research.com,,haiti,no,0.915
user114@research.com,,jamaica,no,0.9463
user114@research.com,,martinique,no,0.7021
user114@research.com,,st lucia,no,0.6496
user114@research.com,,montserrat,no,0.5978
user114@research.com,,st kitts and nevis,no,0.9131
user114@research.com,,trinidad,no,0.8981
user177@research.com,,bangladesh,no,5.811
user177@research.com,,china,no,1.344
user177@research.com,,hong kong,no,1.077
user177@research.com,,india,no,1.396
user177@research.com,"japan
",japan,no,5.013
user177@research.com,,maldives,no,2.279
user177@research.com,,nepal,no,1.139
user177@research.com,,philippines,no,0.763
user177@research.com,,saudi arabia,no,0.865
user177@research.com,,singapore,no,2.844
user177@research.com,south korea,south korea,yes,10.978
user177@research.com,,sri lanka,no,1.214
user177@research.com,taiwan,taiwan,yes,11.177
user177@research.com,,thailand,no,1.33
user177@research.com,,vietnam,no,1.146
user177@research.com,england,anguilla,no,4.893
user177@research.com,,aruba,no,1.215
user177@research.com,,bahamas,no,0.763
user177@research.com,,barbados,no,0.646
user177@research.com,,bonaire,no,1.817
user177@research.com,,cuba,no,0.945
user177@research.com,,dominica,no,3.514
user177@research.com,,grenada,no,0.744
user177@research.com,,haiti,no,0.78
user177@research.com,,jamaica,no,1.081
user177@research.com,,martinique,no,0.697
user177@research.com,,st lucia,no,0.615
user177@research.com,,montserrat,no,4.88
user177@research.com,,st kitts and nevis,no,1.077
user177@research.com,,trinidad,no,0.862
user118@research.com,,bangladesh,no,18.357
user118@research.com,china,china,yes,26.729
user118@research.com,,hong kong,no,16.011
user118@research.com,india,india,yes,2.995
user118@research.com,japan,japan,yes,2.644
user118@research.com,pakistan,maldives,no,5.98
user118@research.com,,nepal,no,4.495
user118@research.com,guam,philippines,no,6.235
user118@research.com,,saudi arabia,no,3.262
user118@research.com,,singapore,no,11.812
user118@research.com,south korea,south korea,yes,3.782
user118@research.com,,sri lanka,no,9.713
user118@research.com,,taiwan,no,5.396
user118@research.com,,thailand,no,15.898
user118@research.com,,vietnam,no,22.346
user118@research.com,england,anguilla,no,5.765
user118@research.com,,aruba,no,2.395
user118@research.com,ukraine,bahamas,no,40.364
user118@research.com,barbados,barbados,yes,6.43
user118@research.com,,bonaire,no,3.913
user118@research.com,,cuba,no,1.763
user118@research.com,,dominica,no,1.03
user118@research.com,,grenada,no,0.828
user118@research.com,,haiti,no,1.465
user118@research.com,,jamaica,no,3.314
user118@research.com,,martinique,no,3.063
user118@research.com,,st lucia,no,1.032
user118@research.com,england,montserrat,no,3.363
user118@research.com,,st kitts and nevis,no,5.015
user118@research.com,,trinidad,no,1.429
user167@research.com,japan,bangladesh,no,8.6301
user167@research.com,china,china,yes,3.259799999
user167@research.com,malaysia,hong kong,no,3.995099999
user167@research.com,india,india,yes,3.053200001
user167@research.com,japan,japan,yes,4.587
user167@research.com,turkey,maldives,no,7.3188
user167@research.com,,nepal,no,2.9182
user167@research.com,indonesia,philippines,no,6.0855
user167@research.com,,saudi arabia,no,5.7245
user167@research.com,turkey,singapore,no,4.0555
user167@research.com,south korea,south korea,yes,3.9855
user167@research.com,,sri lanka,no,4.4571
user167@research.com,malaysia,taiwan,no,4.8172
user167@research.com,,thailand,no,1.4866
user167@research.com,,vietnam,no,1.631900001
user167@research.com,,anguilla,no,4.5637
user167@research.com,,aruba,no,2.4555
user167@research.com,,bahamas,no,1.553200001
user167@research.com,,barbados,no,3.4295
user167@research.com,,bonaire,no,1.917299999
user167@research.com,,cuba,no,2.1618
user167@research.com,,dominica,no,1.7874
user167@research.com,,grenada,no,1.565900001
user167@research.com,,haiti,no,1.7963
user167@research.com,brazil,jamaica,no,3.8295
user167@research.com,,martinique,no,1.4636
user167@research.com,,st lucia,no,1.0292
user167@research.com,,montserrat,no,1.662099999
user167@research.com,,st kitts and nevis,no,1.6609
user167@research.com,,trinidad,no,1.264
user122@research.com,,bangladesh,no,2.3585
user122@research.com,china,china,yes,5.7044
user122@research.com,hong kong,hong kong,yes,2.7902
user122@research.com,india,india,yes,2.5113
user122@research.com,japan,japan,yes,2.1504
user122@research.com,arab,maldives,no,12.5809
user122@research.com,,nepal,no,1.9506
user122@research.com,,philippines,no,1.1443
user122@research.com,arab,saudi arabia,no,8.8508
user122@research.com,singapore,singapore,yes,2.476
user122@research.com,south korea,south korea,yes,3.1504
user122@research.com,egypt,sri lanka,no,11.3944
user122@research.com,laos,taiwan,no,4.0292
user122@research.com,france,thailand,no,4.3935
user122@research.com,cambodia,vietnam,no,11.9946
user122@research.com,new zealand,anguilla,no,8.06
user122@research.com,,aruba,no,9.9121
user122@research.com,,bahamas,no,40.0373
user122@research.com,,barbados,no,2.0054
user122@research.com,,bonaire,no,4.3381
user122@research.com,,cuba,no,0.9762
user122@research.com,,dominica,no,4.0402
user122@research.com,,grenada,no,1.194
user122@research.com,,haiti,no,1.3443
user122@research.com,,jamaica,no,0.7138
user122@research.com,,martinique,no,2.3076
user122@research.com,,st lucia,no,1.0654
user122@research.com,australia,montserrat,no,5.8957
user122@research.com,,st kitts and nevis,no,1.0182
user122@research.com,,trinidad,no,0.6534
user151@research.com,,bangladesh,no,4.9152
user151@research.com,china,china,yes,9.7204
user151@research.com,,hong kong,no,2.372
user151@research.com,ethiopia,india,no,10.5
user151@research.com,south korea,japan,no,4.3343
user151@research.com,,maldives,no,1.3594
user151@research.com,,nepal,no,0.8444
user151@research.com,,philippines,no,2.538
user151@research.com,,saudi arabia,no,1.3723
user151@research.com,,singapore,no,4.7226
user151@research.com,south korea,south korea,yes,3.2129
user151@research.com,,sri lanka,no,1.4678
user151@research.com,,taiwan,no,1.7848
user151@research.com,,thailand,no,0.9016
user151@research.com,vietnam,vietnam,yes,4.0869
user151@research.com,united kingdom,anguilla,no,22.5406
user151@research.com,,aruba,no,0.9721
user151@research.com,,bahamas,no,0.7211
user151@research.com,,barbados,no,0.8373
user151@research.com,,bonaire,no,0.5962
user151@research.com,,cuba,no,0.5082
user151@research.com,,dominica,no,0.5261
user151@research.com,,grenada,no,0.4893
user151@research.com,,haiti,no,2.6739
user151@research.com,ethiopia,jamaica,no,9.2669
user151@research.com,,martinique,no,1.1345
user151@research.com,,st lucia,no,0.7918
user151@research.com,,montserrat,no,4.6912
user151@research.com,,st kitts and nevis,no,0.729
user151@research.com,,trinidad,no,0.6663
user133@research.com,japan,bangladesh,no,6.0447
user133@research.com,china,china,yes,3.3545
user133@research.com,malaysia,hong kong,no,8.8667
user133@research.com,india,india,yes,4.8047
user133@research.com,japan,japan,yes,2.5558
user133@research.com,pakistan,maldives,no,7.2047
user133@research.com,thailand,nepal,no,8.4569
user133@research.com,israel,philippines,no,6.4422
user133@research.com,israel,saudi arabia,no,56.8743
user133@research.com,,singapore,no,6.3386
user133@research.com,south korea,south korea,yes,4.9896
user133@research.com,malaysia,sri lanka,no,5.2051
user133@research.com,mongolia,taiwan,no,12.7537
user133@research.com,,thailand,no,1.6896
user133@research.com,vietnam,vietnam,yes,4.3803
user133@research.com,austrailia,anguilla,no,11.5401
user133@research.com,,aruba,no,17.0229
user133@research.com,iceland,bahamas,no,15.1888
user133@research.com,fiji,barbados,no,4.1893
user133@research.com,jamaica,bonaire,no,5.3394
user133@research.com,denmark,cuba,no,3.586
user133@research.com,,dominica,no,43.5891
user133@research.com,,grenada,no,12.5223
user133@research.com,,haiti,no,10.6719
user133@research.com,,jamaica,no,0.8902
user133@research.com,,martinique,no,0.8826
user133@research.com,,st lucia,no,0.6317
user133@research.com,,montserrat,no,15.566
user133@research.com,jamaica,st kitts and nevis,no,5.2727
user133@research.com,holland,trinidad,no,10.7586
user117@research.com,don't know,bangladesh,no,7.6973
user117@research.com,china,china,yes,4.9159
user117@research.com,hong kong,hong kong,yes,3.8717
user117@research.com,india,india,yes,3.5909
user117@research.com,japan,japan,yes,4.427
user117@research.com,,maldives,no,2.1893
user117@research.com,,nepal,no,1.2068
user117@research.com,philippines,philippines,yes,4.5642
user117@research.com,,saudi arabia,no,1.5106
user117@research.com,singapore,singapore,yes,5.0298
user117@research.com,south korea,south korea,yes,3.1473
user117@research.com,,sri lanka,no,1.1407
user117@research.com,taiwan,taiwan,yes,3.5656
user117@research.com,,thailand,no,4.3596
user117@research.com,vietnam,vietnam,yes,3.9277
user117@research.com,,anguilla,no,8.4931
user117@research.com,,aruba,no,1.0055
user117@research.com,,bahamas,no,0.8842
user117@research.com,,barbados,no,0.8506
user117@research.com,,bonaire,no,0.8834
user117@research.com,,cuba,no,7.1335
user117@research.com,,dominica,no,1.14
user117@research.com,,grenada,no,0.7979
user117@research.com,,haiti,no,1.0828
user117@research.com,,jamaica,no,10.915
user117@research.com,,martinique,no,0.9593
user117@research.com,,st lucia,no,0.9139
user117@research.com,,montserrat,no,2.5809
user117@research.com,,st kitts and nevis,no,1.0661
user117@research.com,,trinidad,no,1.0107
user197@research.com,,bangladesh,no,4.1546
user197@research.com,china,china,yes,3.4766
user197@research.com,thailand,hong kong,no,4.2651
user197@research.com,india,india,yes,4.1029
user197@research.com,japan,japan,yes,2.1911
user197@research.com,,maldives,no,1.6977
user197@research.com,,nepal,no,3.042
user197@research.com,,philippines,no,3.7211
user197@research.com,,saudi arabia,no,3.2382
user197@research.com,,singapore,no,3.2199
user197@research.com,south korea,south korea,yes,4.304
user197@research.com,,sri lanka,no,4.1709
user197@research.com,,taiwan,no,3.64
user197@research.com,,thailand,no,3.5774
user197@research.com,,vietnam,no,2.405
user197@research.com,,anguilla,no,5.0746
user197@research.com,,aruba,no,1.9873
user197@research.com,new zealand,bahamas,no,7.4074
user197@research.com,,barbados,no,2.1198
user197@research.com,,bonaire,no,2.4629
user197@research.com,,cuba,no,3.2036
user197@research.com,,dominica,no,6.7534
user197@research.com,,grenada,no,2.6332
user197@research.com,,haiti,no,4.3915
user197@research.com,,jamaica,no,4.3554
user197@research.com,,martinique,no,3.2039
user197@research.com,,st lucia,no,4.219
user197@research.com,,montserrat,no,4.418
user197@research.com,,st kitts and nevis,no,4.2902
user197@research.com,,trinidad,no,4.8077
user85@research.com,,bangladesh,no,5.0942
user85@research.com,china,china,yes,2.9868
user85@research.com,,hong kong,no,3.8612
user85@research.com,,india,no,4.7552
user85@research.com,japan,japan,yes,2.8051
user85@research.com,,maldives,no,1.7359
user85@research.com,nepal,nepal,yes,2.5501
user85@research.com,,philippines,no,1.4534
user85@research.com,,saudi arabia,no,1.8813
user85@research.com,,singapore,no,3.9039
user85@research.com,south korea,south korea,yes,4.106
user85@research.com,,sri lanka,no,2.2726
user85@research.com,,taiwan,no,2.0578
user85@research.com,costa rica,thailand,no,6.2996
user85@research.com,,vietnam,no,1.7397
user85@research.com,,anguilla,no,4.4982
user85@research.com,,aruba,no,1.2906
user85@research.com,,bahamas,no,1.4821
user85@research.com,,barbados,no,1.9968
user85@research.com,,bonaire,no,1.7581
user85@research.com,costa rica,cuba,no,3.9319
user85@research.com,,dominica,no,1.1396
user85@research.com,,grenada,no,1.4531
user85@research.com,,haiti,no,1.4486
user85@research.com,jamaica,jamaica,yes,2.8823
user85@research.com,,martinique,no,1.4394
user85@research.com,,st lucia,no,1.1807
user85@research.com,,montserrat,no,2.6144
user85@research.com,,st kitts and nevis,no,1.7404
user85@research.com,,trinidad,no,3.1503
user136@research.com,japan ,bangladesh,no,7.984
user136@research.com,,china,no,0.69
user136@research.com,taiwan,hong kong,no,7.413
user136@research.com,,india,no,0.725
user136@research.com,japan,japan,yes,5.328
user136@research.com,,maldives,no,2.024
user136@research.com,sofa,nepal,no,4.33
user136@research.com,vienan,philippines,no,7.48
user136@research.com,aribia,saudi arabia,no,6.097
user136@research.com,singapore,singapore,yes,6.579
user136@research.com,south korea,south korea,yes,4.781
user136@research.com,balabala,sri lanka,no,3.613
user136@research.com,taiwan,taiwan,yes,3.895
user136@research.com,thailand,thailand,yes,6.964
user136@research.com,vietnam,vietnam,yes,6.213
user136@research.com,ss,anguilla,no,2.98
user136@research.com,,aruba,no,1.197
user136@research.com,,bahamas,no,1.214
user136@research.com,,barbados,no,2.164
user136@research.com,,bonaire,no,0.913
user136@research.com,philadelphia ,cuba,no,5.28
user136@research.com,,dominica,no,1.195
user136@research.com,,grenada,no,0.829
user136@research.com,,haiti,no,1.097
user136@research.com,jamaica ,jamaica,yes,6.014
user136@research.com,,martinique,no,1.314
user136@research.com,,st lucia,no,0.675
user136@research.com,,montserrat,no,0.792
user136@research.com,,st kitts and nevis,no,0.575
user136@research.com,,trinidad,no,0.545
user144@research.com,,bangladesh,no,4.3709
user144@research.com,russia,china,no,4.1298
user144@research.com,,hong kong,no,1.7141
user144@research.com,india,india,yes,4.3482
user144@research.com,japan,japan,yes,2.6349
user144@research.com,,maldives,no,1.7664
user144@research.com,,nepal,no,14.4689
user144@research.com,,philippines,no,1.95
user144@research.com,,saudi arabia,no,4.2298
user144@research.com,uaa,singapore,no,9.8662
user144@research.com,south korea,south korea,yes,5.8692
user144@research.com,nigeria,sri lanka,no,7.6524
user144@research.com,,taiwan,no,1.5504
user144@research.com,sweden,thailand,no,9.4534
user144@research.com,china,vietnam,no,4.1622
user144@research.com,united kingdom,anguilla,no,6.7188
user144@research.com,,aruba,no,1.8979
user144@research.com,,bahamas,no,2.6688
user144@research.com,,barbados,no,2.5017
user144@research.com,,bonaire,no,2.0977
user144@research.com,,cuba,no,1.7854
user144@research.com,,dominica,no,17.2144
user144@research.com,,grenada,no,25.685
user144@research.com,,haiti,no,20.2028
user144@research.com,,jamaica,no,6.7497
user144@research.com,,martinique,no,2.0496
user144@research.com,,st lucia,no,1.3011
user144@research.com,,montserrat,no,7.2629
user144@research.com,,st kitts and nevis,no,3.3508
user144@research.com,,trinidad,no,11.1831
user95@research.com,,bangladesh,no,5.1558
user95@research.com,china,china,yes,3.3074
user95@research.com,,hong kong,no,3.0602
user95@research.com,india,india,yes,3.275
user95@research.com,japan,japan,yes,3.7284
user95@research.com,,maldives,no,4.5966
user95@research.com,syria,nepal,no,8.4644
user95@research.com,philippines,philippines,yes,19.9963
user95@research.com,,saudi arabia,no,5.2787
user95@research.com,poland,singapore,no,9.3438
user95@research.com,south korea,south korea,yes,7.8963
user95@research.com,,sri lanka,no,4.7958
user95@research.com,,taiwan,no,5.4097
user95@research.com,,thailand,no,2.7946
user95@research.com,taiwan,vietnam,no,10.5636
user95@research.com,wales,anguilla,no,6.3951
user95@research.com,,aruba,no,2.0759
user95@research.com,,bahamas,no,2.4286
user95@research.com,,barbados,no,3.8457
user95@research.com,,bonaire,no,1.629
user95@research.com,wales,cuba,no,9.6957
user95@research.com,portugal,dominica,no,6.1784
user95@research.com,uganda,grenada,no,6.4129
user95@research.com,,haiti,no,1.5443
user95@research.com,nigeria,jamaica,no,9.4967
user95@research.com,,martinique,no,4.2793
user95@research.com,,st lucia,no,1.4118
user95@research.com,scotland,montserrat,no,16.6113
user95@research.com,,st kitts and nevis,no,1.178
user95@research.com,,trinidad,no,1.113
user128@research.com,,bangladesh,no,13.992
user128@research.com,china,china,yes,4.695
user128@research.com,,hong kong,no,1.379
user128@research.com,indonesia,india,no,6.079
user128@research.com,japan,japan,yes,4.579
user128@research.com,,maldives,no,43.912
user128@research.com,,nepal,no,4.611
user128@research.com,,philippines,no,6.596
user128@research.com,,saudi arabia,no,1.911
user128@research.com,vietnam,singapore,no,18.766
user128@research.com,vietnam,south korea,no,7.877
user128@research.com,"

",sri lanka,no,16.197
user128@research.com,,taiwan,no,3.495
user128@research.com,,thailand,no,28.813
user128@research.com,vietnam,vietnam,yes,3.912
user128@research.com,uk,anguilla,no,4.695
user128@research.com,,aruba,no,4.596
user128@research.com,khasistan ,bahamas,no,8.729
user128@research.com,,barbados,no,0.093
user128@research.com,,bonaire,no,0.127
user128@research.com,,cuba,no,0.144
user128@research.com,,dominica,no,0.095
user128@research.com,,grenada,no,0.112
user128@research.com,,haiti,no,0.097
user128@research.com,,jamaica,no,0.113
user128@research.com,,martinique,no,0.128
user128@research.com,,st lucia,no,0.096
user128@research.com,,montserrat,no,0.129
user128@research.com,,st kitts and nevis,no,0.097
user128@research.com,,trinidad,no,0.096
user184@research.com,,bangladesh,no,4.4303
user184@research.com,china,china,yes,2.8289
user184@research.com,taiwan,hong kong,no,3.5653
user184@research.com,india,india,yes,2.9709
user184@research.com,japan,japan,yes,2.3537
user184@research.com,turkey,maldives,no,3.9373
user184@research.com,phillipines,nepal,no,6.7731
user184@research.com,philippines,philippines,yes,6.5357
user184@research.com,nepal,saudi arabia,no,8.4375
user184@research.com,turkey,singapore,no,2.8892
user184@research.com,south korea,south korea,yes,4.0821
user184@research.com,kazakhistan,sri lanka,no,8.2219
user184@research.com,taiwan,taiwan,yes,4.0205
user184@research.com,french indies,thailand,no,5.0225
user184@research.com,taiwan,vietnam,no,7.1708
user184@research.com,,anguilla,no,6.258
user184@research.com,,aruba,no,1.6218
user184@research.com,,bahamas,no,1.0469
user184@research.com,maldives,barbados,no,3.4313
user184@research.com,,bonaire,no,1.3064
user184@research.com,,cuba,no,1.5629
user184@research.com,,dominica,no,1.6304
user184@research.com,,grenada,no,1.6536
user184@research.com,,haiti,no,1.3468
user184@research.com,jamaica,jamaica,yes,4.815
user184@research.com,,martinique,no,5.7721
user184@research.com,,st lucia,no,1.1212
user184@research.com,,montserrat,no,1.1306
user184@research.com,anguilla,st kitts and nevis,no,3.7821
user184@research.com,,trinidad,no,1.3719
user152@research.com,,bangladesh,no,12.2624
user152@research.com,china,china,yes,5.2604
user152@research.com,laos,hong kong,no,4.3774
user152@research.com,india,india,yes,2.2869
user152@research.com,japan,japan,yes,2.3773
user152@research.com,indonesia,maldives,no,5.463
user152@research.com,nepal,nepal,yes,2.2446
user152@research.com,,philippines,no,1.9112
user152@research.com,pakistan,saudi arabia,no,3.5801
user152@research.com,turkey,singapore,no,8.2429
user152@research.com,south korea,south korea,yes,3.5955
user152@research.com,,sri lanka,no,2.5949
user152@research.com,indonesia,taiwan,no,10.9005
user152@research.com,,thailand,no,3.7116
user152@research.com,vietnam,vietnam,yes,8.0978
user152@research.com,,anguilla,no,9.4139
user152@research.com,,aruba,no,2.7248
user152@research.com,,bahamas,no,6.9746
user152@research.com,,barbados,no,5.795
user152@research.com,,bonaire,no,9.512
user152@research.com,cuba,cuba,yes,6.5692
user152@research.com,,dominica,no,0.9129
user152@research.com,dominican republic,grenada,no,11.7796
user152@research.com,guatemala,haiti,no,6.8448
user152@research.com,jamaica,jamaica,yes,2.7492
user152@research.com,honduras,martinique,no,8.5082
user152@research.com,,st lucia,no,3.0816
user152@research.com,,montserrat,no,5.3192
user152@research.com,,st kitts and nevis,no,16.4768
user152@research.com,st vincent,trinidad,no,5.2147
user110@research.com,japan,bangladesh,no,12.9717
user110@research.com,china,china,yes,38.161
user110@research.com,,hong kong,no,22.9008
user110@research.com,,india,no,27.8125
user110@research.com,japan,japan,yes,7.6225
user110@research.com,,maldives,no,28.0685
user110@research.com,,nepal,no,7.4113
user110@research.com,philippines,philippines,yes,30.219
user110@research.com,saudi arabia,saudi arabia,yes,28.0467
user110@research.com,,singapore,no,23.6544
user110@research.com,south korea,south korea,yes,11.4299
user110@research.com,sri lanka,sri lanka,yes,30.1471
user110@research.com,,taiwan,no,1.8521
user110@research.com,,thailand,no,11.8562
user110@research.com,vietnam,vietnam,yes,6.3116
user110@research.com,wales,anguilla,no,29.5461
user110@research.com,,aruba,no,6.5806
user110@research.com,bahamas,bahamas,yes,8.5454
user110@research.com,,barbados,no,14.4846
user110@research.com,,bonaire,no,1.5475
user110@research.com,puerto rico,cuba,no,7.298
user110@research.com,,dominica,no,26.973
user110@research.com,,grenada,no,3.793
user110@research.com,haiti,haiti,yes,32.7565
user110@research.com,,jamaica,no,8.5484
user110@research.com,,martinique,no,20.9682
user110@research.com,,st lucia,no,4.5913
user110@research.com,,montserrat,no,37.5124
user110@research.com,,st kitts and nevis,no,32.7809
user110@research.com,trinidad,trinidad,yes,11.0158
user182@research.com,don't know,bangladesh,no,14.5991
user182@research.com,turkey,china,no,13.1829
user182@research.com,,hong kong,no,5.4297
user182@research.com,india,india,yes,3.3074
user182@research.com,japan,japan,yes,2.9219
user182@research.com,malaysia,maldives,no,3.0875
user182@research.com,,nepal,no,2.0045
user182@research.com,philippines,philippines,yes,6.0045
user182@research.com,,saudi arabia,no,1.5568
user182@research.com,idonesia,singapore,no,7.6612
user182@research.com,south korea,south korea,yes,4.8653
user182@research.com,,sri lanka,no,1.3143
user182@research.com,,taiwan,no,1.4877
user182@research.com,thailand,thailand,yes,8.6296
user182@research.com,,vietnam,no,1.7242
user182@research.com,australia,anguilla,no,5.1429
user182@research.com,,aruba,no,0.9894
user182@research.com,,bahamas,no,2.9975
user182@research.com,,barbados,no,1.0276
user182@research.com,,bonaire,no,1.1152
user182@research.com,jamaica,cuba,no,3.0661
user182@research.com,,dominica,no,1.0735
user182@research.com,,grenada,no,1.1665
user182@research.com,,haiti,no,0.9308
user182@research.com,dominican republic,jamaica,no,8.4373
user182@research.com,,martinique,no,1.1376
user182@research.com,,st lucia,no,1.0121
user182@research.com,,montserrat,no,1.0645
user182@research.com,,st kitts and nevis,no,0.9314
user182@research.com,,trinidad,no,1.1276
user164@research.com,,bangladesh,no,6.163
user164@research.com,,china,no,1.361
user164@research.com,hong kong,hong kong,yes,6.229
user164@research.com,india,india,yes,5.83
user164@research.com,japan,japan,yes,3.659
user164@research.com,,maldives,no,1.594
user164@research.com,nepal,nepal,yes,4.796
user164@research.com,philippines,philippines,yes,5.597
user164@research.com,saudi arabia,saudi arabia,yes,26.097
user164@research.com,"
",singapore,no,11.528
user164@research.com,south korea,south korea,yes,4.13
user164@research.com,,sri lanka,no,1.261
user164@research.com,taiwan,taiwan,yes,13.564
user164@research.com,,thailand,no,1.03
user164@research.com,vietnam,vietnam,yes,8.159
user164@research.com,,anguilla,no,1.761
user164@research.com,,aruba,no,0.828
user164@research.com,,bahamas,no,2.861
user164@research.com,,barbados,no,1.062
user164@research.com,,bonaire,no,0.763
user164@research.com,,cuba,no,1.296
user164@research.com,,dominica,no,0.831
user164@research.com,,grenada,no,0.863
user164@research.com,,haiti,no,1.13
user164@research.com,jamaica,jamaica,yes,26.93
user164@research.com,,martinique,no,0.93
user164@research.com,,st lucia,no,0.73
user164@research.com,,montserrat,no,0.63
user164@research.com,,st kitts and nevis,no,0.564
user164@research.com,,trinidad,no,0.697
user149@research.com,south korea,bangladesh,no,5.4355
user149@research.com,china,china,yes,2.0122
user149@research.com,pakistan,hong kong,no,3.6981
user149@research.com,india,india,yes,2.2651
user149@research.com,japan,japan,yes,3.0136
user149@research.com,turkey,maldives,no,3.0133
user149@research.com,khazikstan,nepal,no,8.7792
user149@research.com,dominican republic,philippines,no,7.6811
user149@research.com,,saudi arabia,no,3.3454
user149@research.com,borneo,singapore,no,5.5269
user149@research.com,south korea,south korea,yes,1.9781
user149@research.com,,sri lanka,no,8.3626
user149@research.com,,taiwan,no,8.6978
user149@research.com,,thailand,no,2.2618
user149@research.com,north korea,vietnam,no,7.4945
user149@research.com,london,anguilla,no,3.2636
user149@research.com,,aruba,no,1.3814
user149@research.com,,bahamas,no,1.2306
user149@research.com,,barbados,no,0.9129
user149@research.com,,bonaire,no,0.9801
user149@research.com,,cuba,no,1.7943
user149@research.com,,dominica,no,1.2659
user149@research.com,,grenada,no,0.7652
user149@research.com,,haiti,no,0.8953
user149@research.com,jamaica,jamaica,yes,2.613
user149@research.com,,martinique,no,1.5154
user149@research.com,,st lucia,no,1.2303
user149@research.com,haiti,montserrat,no,8.3463
user149@research.com,,st kitts and nevis,no,2.3467
user149@research.com,,trinidad,no,0.8469
user140@research.com,,bangladesh,no,13.7449
user140@research.com,china,china,yes,3.8797
user140@research.com,hawaii,hong kong,no,5.097
user140@research.com,,india,no,2.1044
user140@research.com,japan,japan,yes,5.4825
user140@research.com,south korea,maldives,no,2.9195
user140@research.com,,nepal,no,2.8486
user140@research.com,africa,philippines,no,3.0247
user140@research.com,,saudi arabia,no,3.9539
user140@research.com,middle east,singapore,no,14.6208
user140@research.com,south korea,south korea,yes,3.8079
user140@research.com,england,sri lanka,no,5.2548
user140@research.com,,taiwan,no,7.5065
user140@research.com,,thailand,no,1.1175
user140@research.com,russia,vietnam,no,4.2811
user140@research.com,,anguilla,no,13.5747
user140@research.com,,aruba,no,3.6209
user140@research.com,sweden,bahamas,no,7.5385
user140@research.com,,barbados,no,5.2687
user140@research.com,,bonaire,no,3.2721
user140@research.com,,cuba,no,1.5561
user140@research.com,spain,dominica,no,6.0376
user140@research.com,,grenada,no,2.6643
user140@research.com,spain,haiti,no,6.2732
user140@research.com,jamaica,jamaica,yes,4.1369
user140@research.com,,martinique,no,1.7225
user140@research.com,,st lucia,no,1.0818
user140@research.com,,montserrat,no,7.3815
user140@research.com,,st kitts and nevis,no,8.5222
user140@research.com,,trinidad,no,2.1033
user100@research.com,,bangladesh,no,5.649
user100@research.com,china,china,yes,6.8282
user100@research.com,malaysia,hong kong,no,8.0683
user100@research.com,india,india,yes,2.9338
user100@research.com,japan,japan,yes,2.5456
user100@research.com,bangladesh,maldives,no,6.7709
user100@research.com,mongolia,nepal,no,21.7292
user100@research.com,,philippines,no,5.4764
user100@research.com,saudi arabia,saudi arabia,yes,5.2483
user100@research.com,,singapore,no,2.936
user100@research.com,south korea,south korea,yes,5.002
user100@research.com,bangladesh,sri lanka,no,9.0232
user100@research.com,taiwan,taiwan,yes,4.9882
user100@research.com,,thailand,no,3.5188
user100@research.com,vietnam,vietnam,yes,3.8893
user100@research.com,,anguilla,no,2.0044
user100@research.com,,aruba,no,1.4124
user100@research.com,,bahamas,no,2.3434
user100@research.com,,barbados,no,1.1963
user100@research.com,,bonaire,no,0.8616
user100@research.com,,cuba,no,1.8465
user100@research.com,,dominica,no,0.9639
user100@research.com,,grenada,no,0.9136
user100@research.com,,haiti,no,1.1295
user100@research.com,,jamaica,no,0.8635
user100@research.com,,martinique,no,0.996
user100@research.com,,st lucia,no,0.8341
user100@research.com,,montserrat,no,1.4677
user100@research.com,,st kitts and nevis,no,0.8646
user100@research.com,,trinidad,no,0.9932
user154@research.com,,bangladesh,no,3.9319
user154@research.com,,china,no,1.0316
user154@research.com,,hong kong,no,4.4827
user154@research.com,india,india,yes,5.1899
user154@research.com,japan,japan,yes,3.4694
user154@research.com,,maldives,no,2.0558
user154@research.com,,nepal,no,1.3555
user154@research.com,philippines,philippines,yes,8.0442
user154@research.com,,saudi arabia,no,2.0693
user154@research.com,,singapore,no,1.6028
user154@research.com,south korea,south korea,yes,2.8171
user154@research.com,,sri lanka,no,1.2242
user154@research.com,,taiwan,no,1.1131
user154@research.com,,thailand,no,1.5635
user154@research.com,,vietnam,no,1.3647
user154@research.com,,anguilla,no,2.0142
user154@research.com,,aruba,no,1.9658
user154@research.com,,bahamas,no,1.2664
user154@research.com,trinidad,barbados,no,4.1778
user154@research.com,,bonaire,no,1.6084
user154@research.com,,cuba,no,2.4353
user154@research.com,,dominica,no,1.2244
user154@research.com,,grenada,no,1.0969
user154@research.com,,haiti,no,0.7473
user154@research.com,jamaica,jamaica,yes,3.138
user154@research.com,,martinique,no,1.2707
user154@research.com,aruba,st lucia,no,3.4652
user154@research.com,,montserrat,no,0.8481
user154@research.com,,st kitts and nevis,no,1.2834
user154@research.com,,trinidad,no,1.0474
user123@research.com,kenya,bangladesh,no,6.8116
user123@research.com,china,china,yes,3.033
user123@research.com,indonesia,hong kong,no,5.8738
user123@research.com,india,india,yes,3.379
user123@research.com,japan,japan,yes,2.413
user123@research.com,turkey,maldives,no,4.0123
user123@research.com,nepal,nepal,yes,11.3823
user123@research.com,pakistan,philippines,no,8.0662
user123@research.com,saudi arabia,saudi arabia,yes,4.1658
user123@research.com,russia,singapore,no,3.3004
user123@research.com,south korea,south korea,yes,3.4341
user123@research.com,ethiopia,sri lanka,no,4.9752
user123@research.com,russia,taiwan,no,6.168
user123@research.com,russia,thailand,no,2.7141
user123@research.com,germany,vietnam,no,7.185
user123@research.com,new england,anguilla,no,4.2356
user123@research.com,cambodia,aruba,no,8.5006
user123@research.com,chile,bahamas,no,5.6174
user123@research.com,macedonia,barbados,no,13.1421
user123@research.com,costa rica,bonaire,no,5.5679
user123@research.com,aruba,cuba,no,9.0346
user123@research.com,jamaica,dominica,no,7.9156
user123@research.com,algeria,grenada,no,5.255
user123@research.com,russia,haiti,no,3.1363
user123@research.com,brazil,jamaica,no,6.2877
user123@research.com,netherlands,martinique,no,18.0147
user123@research.com,papa new guinea,st lucia,no,33.699
user123@research.com,wales,montserrat,no,6.0195
user123@research.com,ethiopia,st kitts and nevis,no,7.0991
user123@research.com,mongolia,trinidad,no,9.8841
user97@research.com,,bangladesh,no,5.652
user97@research.com,mexico,china,no,5.7552
user97@research.com,phillipines,hong kong,no,11.0261
user97@research.com,,india,no,1.8016
user97@research.com,japan,japan,yes,4.8019
user97@research.com,,maldives,no,2.0511
user97@research.com,nepal,nepal,yes,4.7195
user97@research.com,,philippines,no,1.5187
user97@research.com,,saudi arabia,no,1.4208
user97@research.com,,singapore,no,4.8075
user97@research.com,,south korea,no,6.0553
user97@research.com,,sri lanka,no,1.6115
user97@research.com,,taiwan,no,1.586
user97@research.com,,thailand,no,4.3778
user97@research.com,mex,vietnam,no,3.9421
user97@research.com,,anguilla,no,6.1774
user97@research.com,,aruba,no,1.8105
user97@research.com,,bahamas,no,1.7789
user97@research.com,,barbados,no,1.2525
user97@research.com,,bonaire,no,1.0613
user97@research.com,,cuba,no,2.7787
user97@research.com,,dominica,no,1.2122
user97@research.com,,grenada,no,1.419
user97@research.com,,haiti,no,1.2962
user97@research.com,,jamaica,no,1.0977
user97@research.com,,martinique,no,1.2124
user97@research.com,,st lucia,no,1.2287
user97@research.com,,montserrat,no,1.3141
user97@research.com,,st kitts and nevis,no,1.1157
user97@research.com,,trinidad,no,1.0052
user175@research.com,japan,bangladesh,no,6.3019
user175@research.com,japan,china,no,4.6283
user175@research.com,south korea,hong kong,no,3.7131
user175@research.com,,india,no,1.7335
user175@research.com,india,japan,no,5.7816
user175@research.com,,maldives,no,1.253
user175@research.com,,nepal,no,1.1662
user175@research.com,,philippines,no,1.4298
user175@research.com,,saudi arabia,no,1.0945
user175@research.com,,singapore,no,2.947
user175@research.com,south korea,south korea,yes,8.8902
user175@research.com,rome,sri lanka,no,17.0562
user175@research.com,,taiwan,no,1.0861
user175@research.com,,thailand,no,0.9455
user175@research.com,,vietnam,no,1.5293
user175@research.com,,anguilla,no,0.8326
user175@research.com,,aruba,no,0.6949
user175@research.com,argentina,bahamas,no,5.7802
user175@research.com,,barbados,no,1.0542
user175@research.com,,bonaire,no,0.7817
user175@research.com,,cuba,no,0.8086
user175@research.com,,dominica,no,0.7469
user175@research.com,,grenada,no,0.6455
user175@research.com,,haiti,no,4.9303
user175@research.com,jamaica,jamaica,yes,8.5218
user175@research.com,,martinique,no,26.9522
user175@research.com,,st lucia,no,1.006
user175@research.com,,montserrat,no,0.6645
user175@research.com,,st kitts and nevis,no,0.9474
user175@research.com,,trinidad,no,0.6806
user99@research.com,japan,bangladesh,no,6.1909
user99@research.com,china,china,yes,2.8606
user99@research.com,south korea,hong kong,no,4.1599
user99@research.com,malaysia,india,no,5.9574
user99@research.com,japan,japan,yes,2.844
user99@research.com,thailand,maldives,no,5.3417
user99@research.com,,nepal,no,2.8627
user99@research.com,,philippines,no,1.2328
user99@research.com,,saudi arabia,no,1.4441
user99@research.com,,singapore,no,2.295
user99@research.com,south korea,south korea,yes,2.896
user99@research.com,,sri lanka,no,1.6811
user99@research.com,taiwan,taiwan,yes,3.595
user99@research.com,netherlands,thailand,no,6.0174
user99@research.com,,vietnam,no,1.6795
user99@research.com,,anguilla,no,2.5779
user99@research.com,,aruba,no,1.1852
user99@research.com,,bahamas,no,1.0288
user99@research.com,,barbados,no,0.9795
user99@research.com,,bonaire,no,1.1292
user99@research.com,,cuba,no,3.0273
user99@research.com,,dominica,no,1.2884
user99@research.com,,grenada,no,1.1131
user99@research.com,,haiti,no,1.1959
user99@research.com,,jamaica,no,1.2787
user99@research.com,,martinique,no,0.996
user99@research.com,,st lucia,no,1.2457
user99@research.com,,montserrat,no,1.1958
user99@research.com,,st kitts and nevis,no,1.2287
user99@research.com,,trinidad,no,3.1607
user148@research.com,,bangladesh,no,6.9019
user148@research.com,china,china,yes,2.5975
user148@research.com,,hong kong,no,2.746
user148@research.com,,india,no,1.7086
user148@research.com,japan,japan,yes,2.4143
user148@research.com,,maldives,no,1.4074
user148@research.com,,nepal,no,1.0002
user148@research.com,,philippines,no,1.0654
user148@research.com,,saudi arabia,no,1.3149
user148@research.com,,singapore,no,1.7338
user148@research.com,south korea,south korea,yes,2.3004
user148@research.com,welsh,sri lanka,no,4.3789
user148@research.com,,taiwan,no,1.0429
user148@research.com,,thailand,no,1.2001
user148@research.com,,vietnam,no,1.0977
user148@research.com,united kingdom,anguilla,no,6.1652
user148@research.com,,aruba,no,1.2258
user148@research.com,,bahamas,no,0.9149
user148@research.com,,barbados,no,0.8664
user148@research.com,,bonaire,no,0.7989
user148@research.com,,cuba,no,0.8316
user148@research.com,,dominica,no,0.9304
user148@research.com,,grenada,no,0.7824
user148@research.com,,haiti,no,0.7828
user148@research.com,,jamaica,no,1.0679
user148@research.com,,martinique,no,0.7672
user148@research.com,,st lucia,no,0.7315
user148@research.com,,montserrat,no,1.0963
user148@research.com,,st kitts and nevis,no,0.831
user148@research.com,,trinidad,no,0.7649
user196@research.com,,bangladesh,no,2.9331
user196@research.com,china,china,yes,6.7964
user196@research.com,taiwan,hong kong,no,4.8674
user196@research.com,india,india,yes,4.6885
user196@research.com,japan,japan,yes,2.1925
user196@research.com,,maldives,no,1.3662
user196@research.com,indonesia,nepal,no,3.3198
user196@research.com,indonesia,philippines,no,3.521
user196@research.com,,saudi arabia,no,2.4918
user196@research.com,,singapore,no,3.1232
user196@research.com,south korea,south korea,yes,5.8545
user196@research.com,,sri lanka,no,6.5557
user196@research.com,,taiwan,no,1.9556
user196@research.com,,thailand,no,2.4873
user196@research.com,,vietnam,no,3.4315
user196@research.com,,anguilla,no,2.7217
user196@research.com,,aruba,no,1.4504
user196@research.com,,bahamas,no,2.2651
user196@research.com,,barbados,no,2.097
user196@research.com,,bonaire,no,1.293
user196@research.com,,cuba,no,2.8958
user196@research.com,,dominica,no,2.3547
user196@research.com,,grenada,no,1.5979
user196@research.com,,haiti,no,1.3912
user196@research.com,,jamaica,no,4.631
user196@research.com,,martinique,no,3.0916
user196@research.com,,st lucia,no,2.987
user196@research.com,,montserrat,no,2.9589
user196@research.com,,st kitts and nevis,no,2.6236
user196@research.com,,trinidad,no,2.6534
user116@research.com,,bangladesh,no,3.8994
user116@research.com,china,china,yes,9.0289
user116@research.com,fiji,hong kong,no,5.6532
user116@research.com,india,india,yes,2.1151
user116@research.com,south korea,japan,no,4.0152
user116@research.com,pakistan,maldives,no,7.1305
user116@research.com,,nepal,no,2.2535
user116@research.com,philippines,philippines,yes,5.2496
user116@research.com,,saudi arabia,no,2.1545
user116@research.com,,singapore,no,3.1982
user116@research.com,south korea,south korea,yes,4.2839
user116@research.com,,sri lanka,no,4.4212
user116@research.com,,taiwan,no,16.185
user116@research.com,,thailand,no,0.8979
user116@research.com,,vietnam,no,1.6154
user116@research.com,,anguilla,no,4.2825
user116@research.com,,aruba,no,1.0345
user116@research.com,,bahamas,no,1.3967
user116@research.com,,barbados,no,1.445
user116@research.com,,bonaire,no,2.0647
user116@research.com,,cuba,no,2.1055
user116@research.com,peru,dominica,no,3.6996
user116@research.com,,grenada,no,1.1388
user116@research.com,,haiti,no,0.9647
user116@research.com,,jamaica,no,0.7431
user116@research.com,,martinique,no,1.0467
user116@research.com,,st lucia,no,0.7949
user116@research.com,,montserrat,no,2.2128
user116@research.com,,st kitts and nevis,no,0.7726
user116@research.com,,trinidad,no,1.0293
user168@research.com,bangladesh,bangladesh,yes,6.4148
user168@research.com,china,china,yes,4.5975
user168@research.com,hong kong,hong kong,yes,5.2976
user168@research.com,india,india,yes,3.892
user168@research.com,japan,japan,yes,2.6081
user168@research.com,pakistan,maldives,no,13.8746
user168@research.com,nepal,nepal,yes,2.9419
user168@research.com,philippines,philippines,yes,4.4583
user168@research.com,saudi arabia,saudi arabia,yes,5.8002
user168@research.com,,singapore,no,22.6762
user168@research.com,south korea,south korea,yes,3.9112
user168@research.com,,sri lanka,no,7.5413
user168@research.com,taiwan,taiwan,yes,3.692
user168@research.com,,thailand,no,4.8091
user168@research.com,vietnam,vietnam,yes,4.9296
user168@research.com,french polynesia,anguilla,no,9.6617
user168@research.com,nauru,aruba,no,5.6778
user168@research.com,,bahamas,no,3.6928
user168@research.com,barbados,barbados,yes,3.7584
user168@research.com,,bonaire,no,1.7393
user168@research.com,cuba,cuba,yes,3.9843
user168@research.com,,dominica,no,6.146
user168@research.com,,grenada,no,1.6083
user168@research.com,,haiti,no,2.1004
user168@research.com,jamacia,jamaica,no,3.3759
user168@research.com,,martinique,no,2.0392
user168@research.com,st vincent and the grenadines,st lucia,no,9.3178
user168@research.com,,montserrat,no,3.1088
user168@research.com,,st kitts and nevis,no,1.6759
user168@research.com,,trinidad,no,1.1292
user105@research.com,japan,bangladesh,no,6.9287
user105@research.com,,china,no,1.4744
user105@research.com,,hong kong,no,4.253
user105@research.com,india,india,yes,4.8283
user105@research.com,japan,japan,yes,2.3819
user105@research.com,,maldives,no,1.6701
user105@research.com,south korea,nepal,no,5.4905
user105@research.com,,philippines,no,2.145
user105@research.com,,saudi arabia,no,2.0883
user105@research.com,turkey,singapore,no,5.637
user105@research.com,south korea,south korea,yes,2.8054
user105@research.com,,sri lanka,no,1.6276
user105@research.com,morocco,taiwan,no,6.2166
user105@research.com,,thailand,no,2.5042
user105@research.com,vietnam,vietnam,yes,10.4289
user105@research.com,united kingdom,anguilla,no,7.3135
user105@research.com,,aruba,no,2.1378
user105@research.com,,bahamas,no,0.8787
user105@research.com,,barbados,no,0.6234
user105@research.com,,bonaire,no,0.7992
user105@research.com,,cuba,no,1.0667
user105@research.com,,dominica,no,0.5912
user105@research.com,,grenada,no,0.4617
user105@research.com,,haiti,no,0.7372
user105@research.com,,jamaica,no,0.5325
user105@research.com,,martinique,no,0.6334
user105@research.com,,st lucia,no,0.516
user105@research.com,,montserrat,no,0.5945
user105@research.com,,st kitts and nevis,no,0.6161
user105@research.com,,trinidad,no,0.4447
user112@research.com,japan,bangladesh,no,4.087
user112@research.com,china,china,yes,3.657
user112@research.com,,hong kong,no,0.644
user112@research.com,india,india,yes,2.681
user112@research.com,japan,japan,yes,2.615
user112@research.com,,maldives,no,0.975
user112@research.com,nepal,nepal,yes,7.539
user112@research.com,philippines,philippines,yes,3.739
user112@research.com,,saudi arabia,no,0.907
user112@research.com,,singapore,no,1.651
user112@research.com,south korea,south korea,yes,2.891
user112@research.com,,sri lanka,no,1.072
user112@research.com,bangladesh,taiwan,no,9.451
user112@research.com,thailand,thailand,yes,2.788
user112@research.com,vietnam,vietnam,yes,3.332
user112@research.com,,anguilla,no,2.736
user112@research.com,,aruba,no,1.522
user112@research.com,,bahamas,no,1.904
user112@research.com,,barbados,no,0.82
user112@research.com,,bonaire,no,0.816
user112@research.com,,cuba,no,0.918
user112@research.com,,dominica,no,0.858
user112@research.com,,grenada,no,0.884
user112@research.com,,haiti,no,1.192
user112@research.com,,jamaica,no,1.054
user112@research.com,,martinique,no,1.714
user112@research.com,,st lucia,no,2.514
user112@research.com,,montserrat,no,1.169
user112@research.com,,st kitts and nevis,no,0.972
user112@research.com,,trinidad,no,1.327
user89@research.com,,bangladesh,no,39.608
user89@research.com,china,china,yes,3.931
user89@research.com,,hong kong,no,8.548
user89@research.com,somalia,india,no,5.315
user89@research.com,japan,japan,yes,2.716
user89@research.com,,maldives,no,2.182
user89@research.com,,nepal,no,1.548
user89@research.com,philippines,philippines,yes,10.082
user89@research.com,,saudi arabia,no,2.781
user89@research.com,,singapore,no,1.216
user89@research.com,"korea
",south korea,no,4.365
user89@research.com,,sri lanka,no,1.696
user89@research.com,,taiwan,no,2.498
user89@research.com,,thailand,no,1.532
user89@research.com,"vietnam
",vietnam,no,4.065
user89@research.com,,anguilla,no,3.998
user89@research.com,,aruba,no,1.448
user89@research.com,,bahamas,no,1.082
user89@research.com,,barbados,no,0.866
user89@research.com,,bonaire,no,0.766
user89@research.com,,cuba,no,0.849
user89@research.com,,dominica,no,0.833
user89@research.com,,grenada,no,0.716
user89@research.com,,haiti,no,0.95
user89@research.com,,jamaica,no,0.816
user89@research.com,,martinique,no,0.748
user89@research.com,,st lucia,no,0.832
user89@research.com,,montserrat,no,0.699
user89@research.com,,st kitts and nevis,no,0.632
user89@research.com,,trinidad,no,0.632
user179@research.com,bangladesh,bangladesh,yes,10.0917
user179@research.com,china,china,yes,2.8658
user179@research.com,,hong kong,no,2.6481
user179@research.com,india,india,yes,2.8982
user179@research.com,japan,japan,yes,2.331
user179@research.com,pakistan,maldives,no,3.3623
user179@research.com,nepal,nepal,yes,24.1145
user179@research.com,,philippines,no,1.1506
user179@research.com,,saudi arabia,no,2.7455
user179@research.com,,singapore,no,1.4991
user179@research.com,south korea,south korea,yes,5.2501
user179@research.com,sri lanka,sri lanka,yes,4.4666
user179@research.com,,taiwan,no,1.1306
user179@research.com,,thailand,no,2.2642
user179@research.com,,vietnam,no,1.1842
user179@research.com,,anguilla,no,1.7676
user179@research.com,,aruba,no,0.899
user179@research.com,,bahamas,no,1.5322
user179@research.com,,barbados,no,0.9276
user179@research.com,,bonaire,no,0.8191
user179@research.com,,cuba,no,0.9995
user179@research.com,,dominica,no,0.9668
user179@research.com,,grenada,no,1.3304
user179@research.com,,haiti,no,1.3279
user179@research.com,,jamaica,no,6.1295
user179@research.com,,martinique,no,0.8014
user179@research.com,,st lucia,no,0.735
user179@research.com,,montserrat,no,1.0973
user179@research.com,,st kitts and nevis,no,26.8123
user179@research.com,,trinidad,no,0.634